Level 1 Category,Level 2 Category,Level 3 Category,Size,Maker,Part Number
Equipment,Machining,Bending Machine,,Roper Whitney,622LR
Equipment,Welding,Turntable,,VEVOR,F5D120-110GU-18S
Equipment,Welding,Turntable,,VEVOR,F4D80-110GN-18S
Equipment,Welding,TIG Welder,,Joyoung Welder,WD-350-PN
Equipment,Machining,Cutting Machine,,AXXAIR,172
Equipment,Machining,Cutting Machine,,AXXAIR,222
Equipment,Machining,Cutting Machine,,AXXAIR,322
Equipment,Machining,Bench Drill Press,,JET,J-2530
Equipment,Machining,Bench Drill Press,,RYOBI,DP130L
Equipment,Machining,Band Saw,,Makita,2107FW
Equipment,Machining,High-Speed Cutting Saw,,DeWalt,DWS779
Equipment,Welding,Rotary Automatic Welding Equipment,,Ketiwell,HY-FWM-200
Equipment,Welding,Vacuum Flange Automatic Welding Equipment,,Ketiwell,
Equipment,Machining,End Mill,,Orbitalum,
Equipment,Welding,Automatic Welder,,Swagelok,SWS-M200
Equipment,Handling,Electric Walkie Stacker,,Big Joe,PDS-30-177-TR
Equipment,Handling,Hand Pallet Jack,,ULINE,H-8921
Equipment,Handling,Hand Pallet Jack,,ZMHBRO,PUHR274855
Equipment,Handling,Hand Pallet Jack,,FRANKLIN,58293
Equipment,Power,Portable Blower,,Bilt Hard,SFDC-750F
Equipment,Cutter,Pipe Cutter,,RIDGID,PC116
Equipment,Welding,Fusion Welder,,AGRU,SP315-S
Equipment,Welding,TIG Welder,,Lincoln Electric,TIG 200
Equipment,Welding,TIG Welder,,Lincoln Electric,TIG 205
Equipment,Power,Transformer,,VEVOR,
Equipment,Power,Transformer,,Johsun Tec,DT-10000VA
Tool,Wrench,Flexible Ratchet,8 mm,,
Tool,Wrench,Flexible Ratchet,9 mm,,
Tool,Wrench,Flexible Ratchet,10 mm,,
Tool,Wrench,Flexible Ratchet,11 mm,,
Tool,Wrench,Flexible Ratchet,12 mm,,
Tool,Wrench,Flexible Ratchet,13 mm,,
Tool,Wrench,Flexible Ratchet,14 mm,,
Tool,Wrench,Flexible Ratchet,15 mm,,
Tool,Wrench,Flexible Ratchet,17 mm,,
Tool,Wrench,Flexible Ratchet,"3/4""",,
Tool,Wrench,Flexible Ratchet,"1/2""",,
Tool,Wrench,Wrench,16 mm,,
Tool,Wrench,Ratchet Wrench,16 mm,,
Tool,Wrench,Wrench,15 mm,,
Tool,Wrench,Wrench,12 mm,,
Tool,Wrench,Flexible Ratchet,"11/16""",,
Tool,Wrench,Wrench,"11/16""",,
Tool,Wrench,Wrench,"3/4""",,
Tool,Wrench,Flexible Ratchet,22 mm,,
Tool,Wrench,Ratchet Wrench,25 mm,,
Tool,Wrench,Flexible Ratchet,24 mm,,
Tool,Wrench,Flexible Ratchet,"9/16""",,
Tool,Wrench,Flexible Ratchet,"7/16""",,
Tool,Wrench,Ratchet Wrench,"9/16""",,
Tool,Wrench,Ratchet Wrench,19 mm,,
Tool,Wrench,Wrench,10 mm,,
Tool,Wrench,Wrench,13 mm,,
Tool,Wrench,Wrench,14 mm,,
Tool,Wrench,Wrench,17 mm,,
Tool,Wrench,Ratchet Wrench,17 mm,,
Tool,Wrench,Wrench,19 mm,,
Tool,Wrench,Wrench,21 mm,,
Tool,Wrench,Wrench,29 mm,,
Tool,Wrench,Wrench,30 mm,,
Tool,Wrench,Flexible Ratchet,27 mm,,
Tool,Wrench,Open-End Wrench,30 to 32 mm,,
Tool,Wrench,Wrench,35 mm,,
Tool,Wrench,Wrench,38 mm,,
Tool,Wrench,Ratchet Wrench,38 mm,,
Tool,Wrench,Wrench,41 mm,,
Tool,Wrench,Wrench,42 mm,,
Tool,Wrench,Wrench,43 mm,,
Tool,Wrench,Wrench,45 mm,,
Tool,Wrench,Wrench,46 mm,,
Tool,Wrench,Wrench,48 mm,,
Tool,Wrench,Wrench,55 mm,,
Tool,Wrench,Adjustable Monkey Wrench,600 mm,,
Tool,Gas Control,Argon Flowmeter Regulator,,,
Tool,Measuring,Plumb Bob,,,
Tool,Hand Tool,Metal File Set,,,
Tool,Wrench,Hex Key Wrench Set,,,
Tool,Hand Tool,Metal File,,,
Tool,Cutter,Scissors,,,
Tool,Pliers,Long-Tip Pliers,,,
Tool,Pliers,Wire-Cutting Pliers,,,
Tool,Pliers,PVC Cutting Pliers,42 mm,,
Tool,Wrench,Adjustable Monkey Wrench,"4""",,
Tool,Wrench,Tube Wrench,,,
Tool,Measuring,Welding Inspection Mirror,,,
Tool,Pliers,Punch Pliers,,,
Tool,Measuring,Tape Measure,,,
Tool,Hand Tool,Steel Hacksaw,,,
Tool,Blade,Band Saw Blade,"32-7/8""",,
Tool,Blade,Band Saw Blade,"44-7/8""",,
Tool,Blade,Band Saw Blade,"30-9/16""",,
Tool,Hand Tool,Stubby Screwdriver,,,
Tool,Power Tool,Impact Drill,,Milwaukee,
Tool,Power Tool,Drill,,Milwaukee,
Tool,Power Tool,Battery,M12,Milwaukee,
Tool,Power Tool,Battery,M18,Milwaukee,
Tool,Power Tool,Band Saw,,DeWalt,
Tool,Power Tool,Jigsaw,,DeWalt,
Tool,Power Tool,Heat Gun,,DeWalt,
Tool,Power Tool,Battery,,DeWalt,
Tool,Power Tool,Drill,,DeWalt,
Tool,Hand Tool,Wire Brush,,,
Tool,Drill Bit,Hammer Drill Bit,"1/2""",,
Tool,Drill Bit,Hammer Drill Bit,"3/8""",,
Tool,Blade,Jigsaw Blade Set,,,
Tool,Blade,Jigsaw Blade,,,
Tool,Power Tool,Drill,,Hilti,
Tool,Cutter,Tube Cutter,,,
Tool,Measuring,Digital Readout Welding Gauge,,,
Tool,Gas Control,250 Series Regulator,,,
Tool,Socket,Socket Set,"3/8"" to 15/16""",,
Tool,Socket,Socket Adapter,,,
Tool,Socket,Socket,14 mm,,
Tool,Socket,Bit Socket,13 mm,,
Tool,Socket,Socket,19 mm,,
Tool,Socket,Socket,17 mm,,
Tool,Socket,Socket,11 mm,,
Tool,Socket,Socket,13 mm,,
Tool,Socket,Socket,15 mm,,
Tool,Socket,Socket,18 mm,,
Tool,Socket,Socket,21 mm,,
Tool,Socket,Socket,22 mm,,
Tool,Wrench,Full-Polish Ratchet,"3/8""",,
Tool,Measuring,Spirit Level,300 mm,,
Tool,Measuring,Spirit Level,600 mm,,
Tool,Measuring,Spirit Level,150 mm,,
Tool,Measuring,Spirit Level,"12""",,
Tool,Hand Tool,Silicone Gun,,,
Tool,Cutter,Plastic Pipe and Tubing Cutter,,,
Tool,Wrench,Angle Head Open-End Wrench,24 mm,,
Tool,Pliers,Water Pump Pliers,"5"" (127 mm)",,
Tool,Wrench,Ratchet Wrench,22 mm,,
Tool,Wrench,Ratchet Wrench,10 mm,,
Tool,Hand Tool,Anchor Punch,"3/8""",,
Tool,Socket,Bit Socket,"3/8""",,
Tool,Machining,Tube Bender,"1/4"" (10xR=2.50"")",,
Tool,Machining,Tube Bender,"3/8""",,
Tool,PPE,Hard Hat,,,
Tool,Machining,Tube Bender,"1/2"" (5xR=2.50"")",,
Tool,Cutter,PEX Pipe Cutter,"1-1/4"" (31 mm)",,
Tool,Pliers,Combination Pliers,"8""",,
Tool,Hand Tool,Dead Blow Hammer,,,
Tool,Drill Bit,Step Drill Bit,"3/16"" to 7/8""",,
Tool,Wrench,Adjustable Monkey Wrench,200 mm,,
Tool,Hand Tool,Phillips Impact Screwdriver Bit,PH 1,,
Tool,Storage,Combination Padlock,Small,,
Tool,Cutter,Tin Snip (Right Hand),,,
Tool,Cutter,Tin Snip (Left Hand),,,
Tool,Cutter,Tin Snip,,,
Tool,Hand Tool,Flashlight,,,
Tool,Cutter,Pipe Cutter,"2-1/2""",,
Tool,Cutter,Tube Cutter,50 to 120 mm,,
Tool,Wrench,Stubby Ratcheting Wrench,13 mm,,
Tool,Measuring,Laser,,DeWalt,
Tool,Power Tool,Band Saw,,Milwaukee,
Tool,Wrench,Wrench,18 mm,,
Tool,Wrench,Flexible Ratchet,19 mm,,
Tool,Wrench,Wrench,"1-1/8""",,
Tool,Wrench,Wrench,11 mm,,
Tool,Cutter,Tube Cutter,8A to 25A (8 to 32 mm),,
Tool,Power Tool,Hammer Drill,,Milwaukee,
Tool,Gas Control,Flowmeter,,,RMA-13-SSV
Tool,Gas Control,Rota Flowmeter,,,LF101
Tool,Gas Control,Rota Flowmeter,,,LF201
Tool,Wrench,Adjustable Monkey Wrench,150 mm,,
Tool,Wrench,Adjustable Monkey Wrench,250 mm,,
Tool,Wrench,Adjustable Monkey Wrench,300 mm,,
Tool,Wrench,Wrench,24 mm,,
Tool,Wrench,Ratchet Wrench,14 mm,,
Tool,Wrench,Ratchet Wrench,13 mm,,
Tool,Wrench,Wrench,36 mm,,
Tool,Hand Tool,Hammer,,,
Tool,Wrench,Wrench,27 mm,,
Tool,Wrench,Wrench,20 mm,,
Tool,Wrench,Adjustable Monkey Wrench,100 mm,,
Tool,Wrench,Wrench,13x14 mm,Proto,
Tool,Measuring,Spirit Level,200 mm,,
Tool,Measuring,Liquid Leak Detector,,Swagelok,
Tool,Measuring,Spirit Level,230 mm,,
Tool,Blade,Replacement Cutting Die Set,,,
Tool,Wrench,Ratchet Wrench,24 mm,,
Tool,Socket,Socket,10 mm,,
Tool,Wrench,Wrench,25 mm,,
Tool,Wrench,Wrench,44 mm,,
Tool,Power,Extension Cord Reel with Breaker,,,
