Item Name,Level 1 Code,Level 1 Category,Level 2 Code,Level 2 Category,Level 3 Code,Level 3 Category,Level 4 Code,Level 4 Category,Template
"Tube, SUS 304, AP",01,Stainless Steel (SUS),0101,Tube,0101001,SUS 304,0101001001,AP,A
"Tube, SUS 316L, AP Seamless",01,Stainless Steel (SUS),0101,Tube,0101002,SUS 316L,0101002002,AP Seamless,A
"Tube, SUS 316L, BA Seamless",01,Stainless Steel (SUS),0101,Tube,0101002,SUS 316L,0101002003,BA Seamless,A
"Tube, SUS 316L, EP Seamless",01,Stainless Steel (SUS),0101,Tube,0101002,SUS 316L,0101002004,EP Seamless,A
"Tube, SUS 316L, BA (Valex)",01,Stainless Steel (SUS),0101,Tube,0101002,SUS 316L,0101002005,BA (Valex),A
"Tube, SUS 316L, EP (Valex)",01,Stainless Steel (SUS),0101,Tube,0101002,SUS 316L,0101002007,EP (Valex),A
"Tube, SUS 316L, EP ERW",01,Stainless Steel (SUS),0101,Tube,0101002,SUS 316L,0101002010,EP ERW,A
"Tube, SUS 316L, Coaxial (Double Containment)",01,Stainless Steel (SUS),0101,Tube,0101002,SUS 316L,0101002011,Coaxial (Double Containment),A
"Tube, Sanitary",01,Stainless Steel (SUS),0101,Tube,0101003,Sanitary,0101003001,Sanitary,A
"Tube, A269-TP316L, AP",01,Stainless Steel (SUS),0101,Tube,0101006,A269-TP316L,0101006001,AP,A
"Tube, A269-TP316L, EP",01,Stainless Steel (SUS),0101,Tube,0101006,A269-TP316L,0101006003,EP,A
"Pipe Lined, SUS 304",01,Stainless Steel (SUS),0102,Pipe,0102001,SUS 304,0102001016,Pipe Lined,A
"Pipe, SUS 304, Machined / Fabricated",01,Stainless Steel (SUS),0102,Pipe,0102001,SUS 304,0102001017,Machined / Fabricated,A
"Pipe, A312-TP304, ERW SCH10",01,Stainless Steel (SUS),0102,Pipe,0102002,A312-TP304,0102002002,ERW SCH10,A
"Pipe, A312-TP304, ERW SCH40",01,Stainless Steel (SUS),0102,Pipe,0102002,A312-TP304,0102002004,ERW SCH40,A
"Pipe, A312-TP304, Seamless SCH10",01,Stainless Steel (SUS),0102,Pipe,0102002,A312-TP304,0102002007,Seamless SCH10,A
"Pipe, A312-TP304, Seamless STD",01,Stainless Steel (SUS),0102,Pipe,0102002,A312-TP304,0102002021,Seamless STD,A
"Pipe, Spiral",01,Stainless Steel (SUS),0102,Pipe,0102006,Spiral,0102006001,Pipe,A
"Pipe, A312-TP316L, Seamless SCH80",01,Stainless Steel (SUS),0102,Pipe,0102010,A312-TP316L,0102010006,Seamless SCH80,A
"Pipe, A312-TP304L, ERW SCH10",01,Stainless Steel (SUS),0102,Pipe,0102011,A312-TP304L,0102011002,ERW SCH10,A
"Pipe, A312-TP304L, Seamless SCH10",01,Stainless Steel (SUS),0102,Pipe,0102011,A312-TP304L,0102011008,Seamless SCH10,A
"Pipe, A312-TP304L, Seamless SCH40",01,Stainless Steel (SUS),0102,Pipe,0102011,A312-TP304L,0102011010,Seamless SCH40,A
"Pipe, A358-TP304L, EFW SCH10",01,Stainless Steel (SUS),0102,Pipe,0102012,A358-TP304L,0102012001,EFW SCH10,A
"Elbow (Long), SUS 304, AP/MP",01,Stainless Steel (SUS),0103,Elbow (Long),0103001,SUS 304,0103001001,AP/MP,A
"Elbow (Long), SUS 304, SCH10",01,Stainless Steel (SUS),0103,Elbow (Long),0103001,SUS 304,0103001002,SCH10,A
"Elbow (Long), SUS 304, Screw SCH10",01,Stainless Steel (SUS),0103,Elbow (Long),0103001,SUS 304,0103001006,Screw SCH10,A
"Elbow (Long), SUS 304, Lined",01,Stainless Steel (SUS),0103,Elbow (Long),0103001,SUS 304,0103001007,Lined,A
"Elbow (Long), SUS 304, Screw SCH40",01,Stainless Steel (SUS),0103,Elbow (Long),0103001,SUS 304,0103001009,Screw SCH40,A
"Elbow (Long), A403-WP304, Seamless SCH10",01,Stainless Steel (SUS),0103,Elbow (Long),0103002,A403-WP304,0103002002,Seamless SCH10,A
"Elbow (Long), A403-WP304, Seamless SCH40",01,Stainless Steel (SUS),0103,Elbow (Long),0103002,A403-WP304,0103002003,Seamless SCH40,A
"Elbow (Long), A403-WP304, ERW SCH10",01,Stainless Steel (SUS),0103,Elbow (Long),0103002,A403-WP304,0103002008,ERW SCH10,A
"Elbow (Long), A182-F304, SW 3000LBS",01,Stainless Steel (SUS),0103,Elbow (Long),0103003,A182-F304,0103003001,SW 3000LBS,A
"Elbow (Long), A182-F304L, SW 3000LBS",01,Stainless Steel (SUS),0103,Elbow (Long),0103004,A182-F304L,0103004002,SW 3000LBS,A
"Elbow (Long), A182-F304L, Threaded 3000LBS",01,Stainless Steel (SUS),0103,Elbow (Long),0103004,A182-F304L,0103004005,Threaded 3000LBS,A
"Elbow (Long), SUS 316L, EP",01,Stainless Steel (SUS),0103,Elbow (Long),0103005,SUS 316L,0103005012,EP,A
"Elbow (Long), SUS 316L, Coaxial (Double Containment)",01,Stainless Steel (SUS),0103,Elbow (Long),0103005,SUS 316L,0103005013,Coaxial (Double Containment),A
"Elbow (Long), A403-WP304L, Seamless SCH10",01,Stainless Steel (SUS),0103,Elbow (Long),0103006,A403-WP304L,0103006009,Seamless SCH10,A
"Elbow (Long), Spiral",01,Stainless Steel (SUS),0103,Elbow (Long),0103012,Spiral,0103012001,Elbow,A
"Elbow (Long), Structural Pipe (Tube)",01,Stainless Steel (SUS),0103,Elbow (Long),0103016,Structural Pipe (Tube),0103016001,Elbow,A
"Tee, SUS 304, SCH10",01,Stainless Steel (SUS),0104,Tee,0104001,SUS 304,0104001001,SCH10,A
"Tee, SUS 304, AP/MP",01,Stainless Steel (SUS),0104,Tee,0104001,SUS 304,0104001003,AP/MP,A
"Tee, SUS 304, SCH40",01,Stainless Steel (SUS),0104,Tee,0104001,SUS 304,0104001008,SCH40,A
"Tee, SUS 304, PTFE Lined",01,Stainless Steel (SUS),0104,Tee,0104001,SUS 304,0104001009,PTFE Lined,A
"Tee, A403-WP304, Seamless SCH10",01,Stainless Steel (SUS),0104,Tee,0104002,A403-WP304,0104002003,Seamless SCH10,A
"Tee, A403-WP304, Seamless SCH40",01,Stainless Steel (SUS),0104,Tee,0104002,A403-WP304,0104002004,Seamless SCH40,A
"Tee, A182-F304, SW 3000LBS",01,Stainless Steel (SUS),0104,Tee,0104003,A182-F304,0104003001,SW 3000LBS,A
"Tee, A182-F304, Threaded 3000LBS",01,Stainless Steel (SUS),0104,Tee,0104003,A182-F304,0104003005,Threaded 3000LBS,A
"Tee, A182-F304L, SW 3000LBS",01,Stainless Steel (SUS),0104,Tee,0104004,A182-F304L,0104004001,SW 3000LBS,A
"Tee, A403-WP316, Seamless SCH10",01,Stainless Steel (SUS),0104,Tee,0104007,A403-WP316,0104007004,Seamless SCH10,A
"Tee, Spiral",01,Stainless Steel (SUS),0104,Tee,0104011,Spiral,0104011001,Tee,A
"Tee, Structural Pipe (Tube)",01,Stainless Steel (SUS),0104,Tee,0104015,Structural Pipe (Tube),0104015001,Tee,A
"Tee, SUS 316L, BA",01,Stainless Steel (SUS),0104,Tee,0104017,SUS 316L,0104017001,BA,A
"Tee, SUS 316L, EP",01,Stainless Steel (SUS),0104,Tee,0104017,SUS 316L,0104017003,EP,A
"Tee, A403-WP304L, SCH10",01,Stainless Steel (SUS),0104,Tee,0104018,A403-WP304L,0104018002,SCH10,A
"Concentric Reducer, SUS 304, AP/MP",01,Stainless Steel (SUS),0105,Concentric Reducer,0105001,SUS 304,0105001003,AP/MP,A
"Concentric Reducer, SUS 304, SCH10",01,Stainless Steel (SUS),0105,Concentric Reducer,0105001,SUS 304,0105001004,SCH10,A
"Concentric Reducer, SUS 304, PTFE Lined",01,Stainless Steel (SUS),0105,Concentric Reducer,0105001,SUS 304,0105001007,PTFE Lined,A
"Concentric Reducer, A403-WP304, ERW SCH10",01,Stainless Steel (SUS),0105,Concentric Reducer,0105002,A403-WP304,0105002003,ERW SCH10,A
"Concentric Reducer, A403-WP304, Seamless SCH10",01,Stainless Steel (SUS),0105,Concentric Reducer,0105002,A403-WP304,0105002006,Seamless SCH10,A
"Concentric Reducer, A403-WP304, Seamless SCH40",01,Stainless Steel (SUS),0105,Concentric Reducer,0105002,A403-WP304,0105002008,Seamless SCH40,A
"Concentric Reducer, A182-F304, SW 3000LBS",01,Stainless Steel (SUS),0105,Concentric Reducer,0105003,A182-F304,0105003001,SW 3000LBS,A
"Concentric Reducer, SUS 316L, BA",01,Stainless Steel (SUS),0105,Concentric Reducer,0105005,SUS 316L,0105005002,BA,A
"Concentric Reducer, SUS 316L, EP",01,Stainless Steel (SUS),0105,Concentric Reducer,0105005,SUS 316L,0105005003,EP,A
"Concentric Reducer, A182-F316, SW 3000LBS",01,Stainless Steel (SUS),0105,Concentric Reducer,0105008,A182-F316,0105008001,SW 3000LBS,A
"Concentric Reducer, A182-F316L, SW 3000LBS",01,Stainless Steel (SUS),0105,Concentric Reducer,0105009,A182-F316L,0105009001,SW 3000LBS,A
"Concentric Reducer, Spiral",01,Stainless Steel (SUS),0105,Concentric Reducer,0105011,Spiral,0105011001,Reducer,A
"Concentric Reducer, Structural Pipe (Tube)",01,Stainless Steel (SUS),0105,Concentric Reducer,0105015,Structural Pipe (Tube),0105015001,Reducer,A
"Concentric Reducer, A403-WP304L, ERW SCH10",01,Stainless Steel (SUS),0105,Concentric Reducer,0105017,A403-WP304L,0105017002,ERW SCH10,A
"Concentric Reducer, A403-WP304L, Seamless SCH20",01,Stainless Steel (SUS),0105,Concentric Reducer,0105017,A403-WP304L,0105017005,Seamless SCH20,A
"Concentric Reducer, A403-WP304L, Seamless SCH10",01,Stainless Steel (SUS),0105,Concentric Reducer,0105017,A403-WP304L,0105017006,Seamless SCH10,A
"Union, A182 F304, Threaded",01,Stainless Steel (SUS),0106,Union,0106001,A182 F304,0106001002,Threaded,A
"Union, A182 F304, SW",01,Stainless Steel (SUS),0106,Union,0106001,A182 F304,0106001003,SW,A
"Union, A182 F304L, Socket Welding Type",01,Stainless Steel (SUS),0106,Union,0106002,A182 F304L,0106002001,Socket Welding Type,A
"Union, SUS 304, Screw Type",01,Stainless Steel (SUS),0106,Union,0106003,SUS 304,0106003002,Screw Type,A
"Union, SUS 304, SW Type",01,Stainless Steel (SUS),0106,Union,0106003,SUS 304,0106003003,SW Type,A
"TOE Nipple, SUS 304",01,Stainless Steel (SUS),0107,Nipple,0107007,SUS 304,0107007004,TOE Nipple,A
"Hose Nipple, SUS 304",01,Stainless Steel (SUS),0107,Nipple,0107007,SUS 304,0107007005,Hose Nipple,A
"Nipple, SUS 304",01,Stainless Steel (SUS),0107,Nipple,0107007,SUS 304,0107007008,Standard,A
"Nipple, A312 TP304, ERW SCH40",01,Stainless Steel (SUS),0107,Nipple,0107008,A312 TP304,0107008002,ERW SCH40,A
"Nipple, A312 TP304, Seamless SCH10",01,Stainless Steel (SUS),0107,Nipple,0107008,A312 TP304,0107008004,Seamless SCH10,A
"Nipple, A312 TP304, Seamless SCH40",01,Stainless Steel (SUS),0107,Nipple,0107008,A312 TP304,0107008006,Seamless SCH40,A
"Nipple, A312 TP304, Seamless SCH80",01,Stainless Steel (SUS),0107,Nipple,0107008,A312 TP304,0107008007,Seamless SCH80,A
"Nipple, A312 TP304L, SCH40",01,Stainless Steel (SUS),0107,Nipple,0107009,A312 TP304L,0107009002,SCH40,A
"Nipple, A312 TP304L, SCH80",01,Stainless Steel (SUS),0107,Nipple,0107009,A312 TP304L,0107009003,SCH80,A
"Nipple, A312 TP316, Seamless SCH40",01,Stainless Steel (SUS),0107,Nipple,0107010,A312 TP316,0107010004,Seamless SCH40,A
"TOE Nipple, SUS 316",01,Stainless Steel (SUS),0107,Nipple,0107012,SUS 316,0107012001,TOE Nipple,A
"Nipple, A182 F304, Threaded",01,Stainless Steel (SUS),0107,Nipple,0107018,A182 F304,0107018001,Threaded,A
"Flange, A182-F304 150#, Slip On / RF",01,Stainless Steel (SUS),0108,Flange,0108005,A182-F304 150#,0108005001,Slip On / RF,A
"Flange, A182-F304 150#, Welding Neck / RF",01,Stainless Steel (SUS),0108,Flange,0108005,A182-F304 150#,0108005005,Welding Neck / RF,A
"Flange, A182-F304 150#, Lap Joint",01,Stainless Steel (SUS),0108,Flange,0108005,A182-F304 150#,0108005008,Lap Joint,A
"Flange, A182-F304 150#, Stub End",01,Stainless Steel (SUS),0108,Flange,0108005,A182-F304 150#,0108005009,Stub End,A
"Flange, A182-F304 150#, Blind / RF",01,Stainless Steel (SUS),0108,Flange,0108005,A182-F304 150#,0108005011,Blind / RF,A
"Flange, A182-F304 150#, Blind / FF",01,Stainless Steel (SUS),0108,Flange,0108005,A182-F304 150#,0108005012,Blind / FF,A
"Flange, A182-F316L 150#, Slip On / RF",01,Stainless Steel (SUS),0108,Flange,0108012,A182-F316L 150#,0108012001,Slip On / RF,A
"Flange, A182-F316L 150#, Blind / RF",01,Stainless Steel (SUS),0108,Flange,0108012,A182-F316L 150#,0108012011,Blind / RF,A
Flange,01,Stainless Steel (SUS),0108,Flange,0108020,Other,0108020001,Standard,A
"Flange, SUS 316L, EP Slip On / RF",01,Stainless Steel (SUS),0108,Flange,0108022,SUS 316L,0108022004,EP Slip On / RF,A
"Flanged Pup Piece, SUS 316L",01,Stainless Steel (SUS),0108,Flange,0108022,SUS 316L,0108022011,Flanged Pup Piece,A
"Flange, A182-F304L 150#, Slip On / RF",01,Stainless Steel (SUS),0108,Flange,0108023,A182-F304L 150#,0108023005,Slip On / RF,A
"Flange, A182-F304L 150#, Welding Neck / RF",01,Stainless Steel (SUS),0108,Flange,0108023,A182-F304L 150#,0108023009,Welding Neck / RF,A
"Flange, A182-F304L 150#, Blind / RF",01,Stainless Steel (SUS),0108,Flange,0108023,A182-F304L 150#,0108023013,Blind / RF,A
DIN 16-BAR F304,01,Stainless Steel (SUS),0108,Flange,0108027,DIN 16-BAR F304,0108027001,"FF Flange / DIN-16BAR, F304",A
"Flange, PTFE Lined",01,Stainless Steel (SUS),0108,Flange,0108030,PTFE Lined,0108030001,PTFE Lined,A
"Flange, A182-F316 150#, Slip On / RF",01,Stainless Steel (SUS),0108,Flange,0108033,A182-F316 150#,0108033002,Slip On / RF,A
"Flange, A182-F316 150#, Blind / RF",01,Stainless Steel (SUS),0108,Flange,0108033,A182-F316 150#,0108033003,Blind / RF,A
"Flange, A182-F316 300#, Blind / RF",01,Stainless Steel (SUS),0108,Flange,0108034,A182-F316 300#,0108034005,Blind / RF,A
"Flange, A182-F304L 300#, Slip On / RF",01,Stainless Steel (SUS),0108,Flange,0108035,A182-F304L 300#,0108035003,Slip On / RF,A
DIN-25BAR F304,01,Stainless Steel (SUS),0108,Flange,0108040,DIN-25BAR F304,0108040001,"RF Flange / DIN-25BAR, F304",A
"SUS 304 Plate Flange, 10K, SORF (Slip-on/RF)",01,Stainless Steel (SUS),0108,Flange,0108042,"SUS 304 Plate Flange, 10K",0108042001,SORF (Slip-on/RF),A
"Ball Valve, A351 CF8 (Cast), Flange 150LB",01,Stainless Steel (SUS),0109,Ball Valve,0109002,A351 CF8 (Cast),0109002001,Flange 150LB,A
"Ball Valve, A351 CF8 (Cast), Screw 150LB",01,Stainless Steel (SUS),0109,Ball Valve,0109002,A351 CF8 (Cast),0109002002,Screw 150LB,A
"Ball Valve, A351 CF8M (Cast), Flange 150LB",01,Stainless Steel (SUS),0109,Ball Valve,0109003,A351 CF8M (Cast),0109003001,Flange 150LB,A
"Ball Valve, A351 CF8M (Cast), Screw 150LB",01,Stainless Steel (SUS),0109,Ball Valve,0109003,A351 CF8M (Cast),0109003002,Screw 150LB,A
"Ball Valve, A182 F304 (Forged), Flange 150LBS",01,Stainless Steel (SUS),0109,Ball Valve,0109006,A182 F304 (Forged),0109006006,Flange 150LBS,A
"Ball Valve, A182 F304 (Forged), Screw 600LBS",01,Stainless Steel (SUS),0109,Ball Valve,0109006,A182 F304 (Forged),0109006012,Screw 600LBS,A
"Ball Valve, A182 F304 (Forged), SW 150LBS",01,Stainless Steel (SUS),0109,Ball Valve,0109006,A182 F304 (Forged),0109006013,SW 150LBS,A
"Ball Valve, SUS 316L, LOK",01,Stainless Steel (SUS),0109,Ball Valve,0109008,SUS 316L,0109008001,LOK,A
"Ball Valve, SUS 316L, SW",01,Stainless Steel (SUS),0109,Ball Valve,0109008,SUS 316L,0109008007,SW,A
"Ball Valve, Pneumatic Ball, SCS13",01,Stainless Steel (SUS),0109,Ball Valve,0109011,Pneumatic Ball,0109011001,SCS13,A
"Ball Valve, A182 F316 (Forged), SBVF Series",01,Stainless Steel (SUS),0109,Ball Valve,0109012,A182 F316 (Forged),0109012001,SBVF Series,A
"Ball Valve, A182 F316 (Forged), SW 600LB",01,Stainless Steel (SUS),0109,Ball Valve,0109012,A182 F316 (Forged),0109012015,SW 600LB,A
"Ball Valve, SUS 304, BW",01,Stainless Steel (SUS),0109,Ball Valve,0109014,SUS 304,0109014003,BW,A
"Ball Valve, SUS 304, LOK AP (MP)",01,Stainless Steel (SUS),0109,Ball Valve,0109014,SUS 304,0109014007,LOK AP (MP),A
"Ball Valve, SUS 316, Screw",01,Stainless Steel (SUS),0109,Ball Valve,0109020,SUS 316,0109020002,Screw,A
"Ball Valve, SUS 316, LOK",01,Stainless Steel (SUS),0109,Ball Valve,0109020,SUS 316,0109020003,LOK,A
"Check Valve, A351 CF8, Screw 150LB",01,Stainless Steel (SUS),0111,Check Valve,0111004,A351 CF8,0111004001,Screw 150LB,A
"Check Valve, A351 CF8, Flange 150LB",01,Stainless Steel (SUS),0111,Check Valve,0111004,A351 CF8,0111004002,Flange 150LB,A
"Check Valve, A351 CF8, Wafer Type",01,Stainless Steel (SUS),0111,Check Valve,0111004,A351 CF8,0111004008,Wafer Type,A
"Check Valve, SUS 316L, LOK",01,Stainless Steel (SUS),0111,Check Valve,0111008,SUS 316L,0111008001,LOK,A
"Check Valve, A351 CF3, Flange",01,Stainless Steel (SUS),0111,Check Valve,0111014,A351 CF3,0111014001,Flange,A
"Check Valve, SUS304, Screw",01,Stainless Steel (SUS),0111,Check Valve,0111016,SUS304,0111016001,Screw,A
"Check Valve, SUS304, Flange",01,Stainless Steel (SUS),0111,Check Valve,0111016,SUS304,0111016003,Flange,A
"Globe Valve, A351 CF8, BB OS&Y 150LBS",01,Stainless Steel (SUS),0113,Globe Valve,0113002,A351 CF8,0113002004,BB OS&Y 150LBS,A
"Globe Valve, A351 CF8M, BB OS&Y 150LBS",01,Stainless Steel (SUS),0113,Globe Valve,0113005,A351 CF8M,0113005001,BB OS&Y 150LBS,A
"Globe Valve, A182 F316L, SW",01,Stainless Steel (SUS),0113,Globe Valve,0113016,A182 F316L,0113016001,SW,A
"Butterfly Valve, Gear",01,Stainless Steel (SUS),0114,Butterfly Valve,0114001,Gear,0114001011,Other,A
"Butterfly Valve, Gear, 150#",01,Stainless Steel (SUS),0114,Butterfly Valve,0114001,Gear,0114001013,150#,A
"Butterfly Valve, Lever, Class 150 Standard",01,Stainless Steel (SUS),0114,Butterfly Valve,0114002,Lever,0114002012,Class 150 Standard,A
"Butterfly Valve, Lug, 150LBS",01,Stainless Steel (SUS),0114,Butterfly Valve,0114003,Lug,0114003002,150LBS,A
"Butterfly Valve, Pneumatic, XV",01,Stainless Steel (SUS),0114,Butterfly Valve,0114006,Pneumatic,0114006001,XV,A
"LOK Fitting (Tube Fitting), Male Connector (NPT)",01,Stainless Steel (SUS),0116,LOK Fitting (Tube Fitting),0116001,Connector,0116001001,Male Connector (NPT),A
"LOK Fitting (Tube Fitting), Female Connector (NPT)",01,Stainless Steel (SUS),0116,LOK Fitting (Tube Fitting),0116001,Connector,0116001002,Female Connector (NPT),A
"LOK Fitting (Tube Fitting), Male Connector (PT)",01,Stainless Steel (SUS),0116,LOK Fitting (Tube Fitting),0116001,Connector,0116001004,Male Connector (PT),A
"LOK Fitting (Tube Fitting), Female Connector (PT)",01,Stainless Steel (SUS),0116,LOK Fitting (Tube Fitting),0116001,Connector,0116001007,Female Connector (PT),A
"LOK Fitting (Tube Fitting), Connector, CGA",01,Stainless Steel (SUS),0116,LOK Fitting (Tube Fitting),0116001,Connector,0116001009,CGA,A
"LOK Fitting (Tube Fitting), Union Elbow",01,Stainless Steel (SUS),0116,LOK Fitting (Tube Fitting),0116002,Elbow,0116002001,Union Elbow,A
"LOK Fitting (Tube Fitting), Female Elbow",01,Stainless Steel (SUS),0116,LOK Fitting (Tube Fitting),0116002,Elbow,0116002002,Female Elbow,A
"LOK Fitting (Tube Fitting), Male Elbow",01,Stainless Steel (SUS),0116,LOK Fitting (Tube Fitting),0116002,Elbow,0116002004,Male Elbow,A
"LOK Fitting (Tube Fitting), Union Tee",01,Stainless Steel (SUS),0116,LOK Fitting (Tube Fitting),0116003,Tee,0116003001,Union Tee,A
"LOK Fitting (Tube Fitting), Reducing Union Tee",01,Stainless Steel (SUS),0116,LOK Fitting (Tube Fitting),0116003,Tee,0116003002,Reducing Union Tee,A
"LOK Fitting (Tube Fitting), Union",01,Stainless Steel (SUS),0116,LOK Fitting (Tube Fitting),0116004,Union,0116004001,Union,A
"LOK Fitting (Tube Fitting), Reducing Union",01,Stainless Steel (SUS),0116,LOK Fitting (Tube Fitting),0116004,Union,0116004002,Reducing Union,A
"LOK Fitting (Tube Fitting), Bulkhead Union",01,Stainless Steel (SUS),0116,LOK Fitting (Tube Fitting),0116004,Union,0116004003,Bulkhead Union,A
"LOK Fitting (Tube Fitting), Union, Reducer",01,Stainless Steel (SUS),0116,LOK Fitting (Tube Fitting),0116004,Union,0116004005,Reducer,A
"LOK Fitting (Tube Fitting), Weld End, Male Pipe Weld Connector",01,Stainless Steel (SUS),0116,LOK Fitting (Tube Fitting),0116007,Weld End,0116007001,Male Pipe Weld Connector,A
"LOK Fitting (Tube Fitting), Plug",01,Stainless Steel (SUS),0116,LOK Fitting (Tube Fitting),0116022,Plug & Cap,0116022001,Plug,A
"LOK Fitting (Tube Fitting), Cap",01,Stainless Steel (SUS),0116,LOK Fitting (Tube Fitting),0116022,Plug & Cap,0116022002,Cap,A
"LOK Fitting (Tube Fitting), Spare Part, Nut",01,Stainless Steel (SUS),0116,LOK Fitting (Tube Fitting),0116023,Spare Part,0116023001,Nut,A
"LOK Fitting (Tube Fitting), Spare Part, Ferrule",01,Stainless Steel (SUS),0116,LOK Fitting (Tube Fitting),0116023,Spare Part,0116023002,Ferrule,A
"Needle Valve, SUS 316L, LOK",01,Stainless Steel (SUS),0117,Needle Valve,0117001,SUS 316L,0117001001,LOK,A
"Diaphragm Valve, Male VCR",01,Stainless Steel (SUS),0118,Diaphragm Valve,0118001,VCR,0118001001,Male VCR,A
"Diaphragm Valve, Female VCR",01,Stainless Steel (SUS),0118,Diaphragm Valve,0118001,VCR,0118001002,Female VCR,A
"Diaphragm Valve, LOK, BA",01,Stainless Steel (SUS),0118,Diaphragm Valve,0118002,LOK,0118002001,BA,A
"Diaphragm Valve, LOK, EP",01,Stainless Steel (SUS),0118,Diaphragm Valve,0118002,LOK,0118002002,EP,A
"Diaphragm Valve, Pneumatic, VF",01,Stainless Steel (SUS),0118,Diaphragm Valve,0118005,Pneumatic,0118005002,VF,A
"Diaphragm Valve, Manual",01,Stainless Steel (SUS),0118,Diaphragm Valve,0118006,Manual,0118006001,Standard,A
"Flexible & Bellows (Expansion Joint), Flexible Hose, Screw Type",01,Stainless Steel (SUS),0120,Flexible & Bellows (Expansion Joint),0120001,Flexible Hose,0120001001,Screw Type,A
"Flexible & Bellows (Expansion Joint), Flexible Hose, Flange Type",01,Stainless Steel (SUS),0120,Flexible & Bellows (Expansion Joint),0120001,Flexible Hose,0120001002,Flange Type,A
"Flexible & Bellows (Expansion Joint), Flexible Hose, LOK Type",01,Stainless Steel (SUS),0120,Flexible & Bellows (Expansion Joint),0120001,Flexible Hose,0120001004,LOK Type,A
"Flexible & Bellows (Expansion Joint), Flexible Joint, SUS 304",01,Stainless Steel (SUS),0120,Flexible & Bellows (Expansion Joint),0120004,Flexible Joint,0120004001,SUS 304,A
"Flexible & Bellows (Expansion Joint), TPC, 150#",01,Stainless Steel (SUS),0120,Flexible & Bellows (Expansion Joint),0120006,TPC,0120006003,150#,A
"Flexible & Bellows (Expansion Joint), Control Rod",01,Stainless Steel (SUS),0120,Flexible & Bellows (Expansion Joint),0120008,Control Rod,0120008001,Standard,A
"Flexible & Bellows (Expansion Joint), ANSI Type",01,Stainless Steel (SUS),0120,Flexible & Bellows (Expansion Joint),0120009,Expansion Joint,0120009002,ANSI Type,A
"Flexible & Bellows (Expansion Joint), PTFE Lined, SUS 304",01,Stainless Steel (SUS),0120,Flexible & Bellows (Expansion Joint),0120011,PTFE Lined,0120011001,SUS 304,A
"Weld Fitting (Clean Fitting), Metal Face Seal (VCR) Fitting, Gland",01,Stainless Steel (SUS),0121,Weld Fitting (Clean Fitting),0121005,Metal Face Seal (VCR) Fitting,0121005001,Gland,A
"Weld Fitting (Clean Fitting), Metal Face Seal (VCR) Fitting, Gasket",01,Stainless Steel (SUS),0121,Weld Fitting (Clean Fitting),0121005,Metal Face Seal (VCR) Fitting,0121005004,Gasket,A
"Weld Fitting (Clean Fitting), Metal Face Seal (VCR) Fitting, Female Nut",01,Stainless Steel (SUS),0121,Weld Fitting (Clean Fitting),0121005,Metal Face Seal (VCR) Fitting,0121005005,Female Nut,A
"Weld Fitting (Clean Fitting), Metal Face Seal (VCR) Fitting, Male Nut",01,Stainless Steel (SUS),0121,Weld Fitting (Clean Fitting),0121005,Metal Face Seal (VCR) Fitting,0121005006,Male Nut,A
"Weld Fitting (Clean Fitting), Metal Face Seal (VCR) Fitting, Plug",01,Stainless Steel (SUS),0121,Weld Fitting (Clean Fitting),0121005,Metal Face Seal (VCR) Fitting,0121005007,Plug,A
"Weld Fitting (Clean Fitting), Metal Face Seal (VCR) Fitting, Cap",01,Stainless Steel (SUS),0121,Weld Fitting (Clean Fitting),0121005,Metal Face Seal (VCR) Fitting,0121005008,Cap,A
"Weld Fitting (Clean Fitting), Metal Face Seal (VCR) Fitting, Union",01,Stainless Steel (SUS),0121,Weld Fitting (Clean Fitting),0121005,Metal Face Seal (VCR) Fitting,0121005010,Union,A
"Weld Fitting (Clean Fitting), Metal Face Seal (VCR) Fitting, Connector",01,Stainless Steel (SUS),0121,Weld Fitting (Clean Fitting),0121005,Metal Face Seal (VCR) Fitting,0121005011,Connector,A
"Weld Fitting (Clean Fitting), Metal Face Seal (VCR) Fitting, Elbow",01,Stainless Steel (SUS),0121,Weld Fitting (Clean Fitting),0121005,Metal Face Seal (VCR) Fitting,0121005013,Elbow,A
"Weld Fitting (Clean Fitting), Adapter",01,Stainless Steel (SUS),0121,Weld Fitting (Clean Fitting),0121006,Weld Fitting,0121006001,Adapter,A
Relief Valve,01,Stainless Steel (SUS),0122,Relief Valve,0122001,Relief Valve,0122001001,Relief Valve,A
"Relief Valve, Safety Valve, A351 CF8",01,Stainless Steel (SUS),0122,Relief Valve,0122002,Safety Valve,0122002009,A351 CF8,A
"Elbow (Short), A403-WP304, Seamless SCH10",01,Stainless Steel (SUS),0123,Elbow (Short),0123003,A403-WP304,0123003002,Seamless SCH10,A
"Elbow (Short), A403-WP304L, SCH10",01,Stainless Steel (SUS),0123,Elbow (Short),0123004,A403-WP304L,0123004002,SCH10,A
"45D Elbow, SUS 304, AP/MP",01,Stainless Steel (SUS),0124,45D Elbow,0124001,SUS 304,0124001001,AP/MP,A
"45D Elbow, SUS 304, SCH10",01,Stainless Steel (SUS),0124,45D Elbow,0124001,SUS 304,0124001003,SCH10,A
"45D Elbow, SUS 304, PTFE Lined",01,Stainless Steel (SUS),0124,45D Elbow,0124001,SUS 304,0124001006,PTFE Lined,A
"45D Elbow, SUS 304, BA",01,Stainless Steel (SUS),0124,45D Elbow,0124001,SUS 304,0124001009,BA,A
"45D Elbow, A403-WP304, Seamless SCH10",01,Stainless Steel (SUS),0124,45D Elbow,0124003,A403-WP304,0124003002,Seamless SCH10,A
"45D Elbow, A403-WP304L, Seamless SCH10",01,Stainless Steel (SUS),0124,45D Elbow,0124004,A403-WP304L,0124004008,Seamless SCH10,A
"45D Elbow, A182-F304, SW 3000LBS",01,Stainless Steel (SUS),0124,45D Elbow,0124005,A182-F304,0124005007,SW 3000LBS,A
"45D Elbow, Structural Pipe (Tube)",01,Stainless Steel (SUS),0124,45D Elbow,0124013,Structural Pipe (Tube),0124013001,45D Elbow,A
"45D Elbow, Spiral",01,Stainless Steel (SUS),0124,45D Elbow,0124015,Spiral,0124015001,45D Elbow,A
"Reducing Tee, SUS 304, AP/MP",01,Stainless Steel (SUS),0125,Reducing Tee,0125001,SUS 304,0125001001,AP/MP,A
"Reducing Tee, SUS 304, SCH10",01,Stainless Steel (SUS),0125,Reducing Tee,0125001,SUS 304,0125001003,SCH10,A
"Reducing Tee, SUS 304, Lined",01,Stainless Steel (SUS),0125,Reducing Tee,0125001,SUS 304,0125001006,Lined,A
"Reducing Tee, A403-WP304, Seamless SCH10",01,Stainless Steel (SUS),0125,Reducing Tee,0125003,A403-WP304,0125003005,Seamless SCH10,A
"Reducing Tee, A403-WP304L, SCH10",01,Stainless Steel (SUS),0125,Reducing Tee,0125004,A403-WP304L,0125004002,SCH10,A
"Reducing Tee, A182-F304, Socket Welding 3000LBS",01,Stainless Steel (SUS),0125,Reducing Tee,0125005,A182-F304,0125005001,Socket Welding 3000LBS,A
"Reducing Tee, SUS 316L, BA",01,Stainless Steel (SUS),0125,Reducing Tee,0125008,SUS 316L,0125008002,BA,A
"Reducing Tee, SUS 316L, EP",01,Stainless Steel (SUS),0125,Reducing Tee,0125008,SUS 316L,0125008003,EP,A
"Reducing Tee, A403-WP316, Seamless SCH10",01,Stainless Steel (SUS),0125,Reducing Tee,0125009,A403-WP316,0125009004,Seamless SCH10,A
"Reducing Tee, A182-F316L, Socket Welding 3000LBS",01,Stainless Steel (SUS),0125,Reducing Tee,0125012,A182-F316L,0125012001,Socket Welding 3000LBS,A
"Reducing Tee, Spiral, R-Tee",01,Stainless Steel (SUS),0125,Reducing Tee,0125015,Spiral,0125015001,R-Tee,A
"Eccentric Reducer, A403-WP304, Seamless SCH10",01,Stainless Steel (SUS),0126,Eccentric Reducer,0126003,A403-WP304,0126003004,Seamless SCH10,A
"Eccentric Reducer, A403-WP304L, Seamless SCH20",01,Stainless Steel (SUS),0126,Eccentric Reducer,0126004,A403-WP304L,0126004005,Seamless SCH20,A
"Cap Reducer, SUS 304, AP/MP",01,Stainless Steel (SUS),0127,Cap Reducer,0127001,SUS 304,0127001001,AP/MP,A
"Plug, SUS304",01,Stainless Steel (SUS),0128,Plug & Cap,0128001,Plug,0128001001,SUS304,A
"Plug, A182 F304",01,Stainless Steel (SUS),0128,Plug & Cap,0128001,Plug,0128001002,A182 F304,A
"Cap, SUS 304",01,Stainless Steel (SUS),0128,Plug & Cap,0128002,Cap,0128002005,SUS 304,A
"Cap, A182 F304",01,Stainless Steel (SUS),0128,Plug & Cap,0128002,Cap,0128002006,A182 F304,A
"Cap, A182 F304L",01,Stainless Steel (SUS),0128,Plug & Cap,0128002,Cap,0128002007,A182 F304L,A
"Cap, SUS 316L",01,Stainless Steel (SUS),0128,Plug & Cap,0128002,Cap,0128002015,SUS 316L,A
"Cap, A403-WP304 Seamless",01,Stainless Steel (SUS),0128,Plug & Cap,0128002,Cap,0128002018,A403-WP304 Seamless,A
"Cap, A403-WP304L Seamless",01,Stainless Steel (SUS),0128,Plug & Cap,0128002,Cap,0128002019,A403-WP304L Seamless,A
"Socket, SUS 304",01,Stainless Steel (SUS),0130,Socket,0130001,SUS 304,0130001001,Standard,A
"Bushing, SUS 304",01,Stainless Steel (SUS),0131,Bushing & Boss,0131001,Bushing,0131001001,SUS 304,A
"Bushing, A182 F304",01,Stainless Steel (SUS),0131,Bushing & Boss,0131001,Bushing,0131001002,A182 F304,A
"Bushing, A182 F304L",01,Stainless Steel (SUS),0131,Bushing & Boss,0131001,Bushing,0131001003,A182 F304L,A
"Bushing, A182 F316",01,Stainless Steel (SUS),0131,Bushing & Boss,0131001,Bushing,0131001004,A182 F316,A
"Boss, A182 F304L",01,Stainless Steel (SUS),0131,Bushing & Boss,0131002,Boss,0131002002,A182 F304L,A
"Bellows Valve, 316L EP, Flange",01,Stainless Steel (SUS),0133,Bellows Valve,0133003,316L EP,0133003003,Flange,A
"Bellows Valve, 316L EP, VCR",01,Stainless Steel (SUS),0133,Bellows Valve,0133003,316L EP,0133003005,VCR,A
"Control Valve, SUS 316L",01,Stainless Steel (SUS),0134,Control Valve,0134002,SUS 316L,0134002001,Standard,A
"Full Coupling, A182 F304",01,Stainless Steel (SUS),0136,Coupling,0136002,Full Coupling,0136002001,A182 F304,A
"Full Coupling, A182 F304L",01,Stainless Steel (SUS),0136,Coupling,0136002,Full Coupling,0136002002,A182 F304L,A
"Coupling, Spiral, SUS 304",01,Stainless Steel (SUS),0136,Coupling,0136003,Spiral,0136003001,SUS 304,A
"Quick Coupling, SUS 304",01,Stainless Steel (SUS),0136,Coupling,0136004,Quick Coupling,0136004001,SUS 304,A
"Pipe Coupling, SUS 304",01,Stainless Steel (SUS),0136,Coupling,0136005,Pipe Coupling,0136005001,SUS 304,A
"Reducer Insert, A182 F304, SW 3000LBS",01,Stainless Steel (SUS),0137,Reducer Insert,0137001,A182 F304,0137001001,SW 3000LBS,A
"Reducer Insert, A182 F304L, SW 3000LBS",01,Stainless Steel (SUS),0137,Reducer Insert,0137002,A182 F304L,0137002001,SW 3000LBS,A
"Outlets, Socket Outlet, A182 F304 3000LBS",01,Stainless Steel (SUS),0138,Outlets,0138001,Socket Outlet,0138001001,A182 F304 3000LBS,A
"Outlets, Socket Outlet, A182 F304L 3000LBS",01,Stainless Steel (SUS),0138,Outlets,0138001,Socket Outlet,0138001002,A182 F304L 3000LBS,A
"Outlets, Socket Outlet, A182 F316 3000LBS",01,Stainless Steel (SUS),0138,Outlets,0138001,Socket Outlet,0138001003,A182 F316 3000LBS,A
"Outlets, Socket Outlet, A182 F316L 3000LBS",01,Stainless Steel (SUS),0138,Outlets,0138001,Socket Outlet,0138001004,A182 F316L 3000LBS,A
"Outlets, Welding Outlet, A182 F304L STD",01,Stainless Steel (SUS),0138,Outlets,0138002,Welding Outlet,0138002006,A182 F304L STD,A
"Outlets, Welding Outlet, A182 F304 3000#",01,Stainless Steel (SUS),0138,Outlets,0138002,Welding Outlet,0138002019,A182 F304 3000#,A
"Outlets, Thread Outlet, A182 F304 3000LBS",01,Stainless Steel (SUS),0138,Outlets,0138003,Thread Outlet,0138003001,A182 F304 3000LBS,A
"Outlets, Thread Outlet, A182 F304L 3000LBS",01,Stainless Steel (SUS),0138,Outlets,0138003,Thread Outlet,0138003002,A182 F304L 3000LBS,A
"Outlets, Thread Outlet, A182 F316L 3000LBS",01,Stainless Steel (SUS),0138,Outlets,0138003,Thread Outlet,0138003004,A182 F316L 3000LBS,A
"Camlock Coupling, C-Type (Socket), SUS 304",01,Stainless Steel (SUS),0139,Camlock Coupling,0139001,C-Type (Socket),0139001001,SUS 304,A
"Camlock Coupling, F-Type (Plug), SUS 304",01,Stainless Steel (SUS),0139,Camlock Coupling,0139004,F-Type (Plug),0139004001,SUS 304,A
"Camlock Coupling, A-Type (Plug), SUS 316L",01,Stainless Steel (SUS),0139,Camlock Coupling,0139006,A-Type (Plug),0139006002,SUS 316L,A
"Camlock Coupling, DC-Type (Dust Cap), SUS 304",01,Stainless Steel (SUS),0139,Camlock Coupling,0139007,DC-Type (Dust Cap),0139007001,SUS 304,A
"Camlock Coupling, DP-Type (Dust Plug), SUS 304",01,Stainless Steel (SUS),0139,Camlock Coupling,0139008,DP-Type (Dust Plug),0139008001,SUS 304,A
"Camlock Coupling, Combination Type, SUS 304",01,Stainless Steel (SUS),0139,Camlock Coupling,0139009,Combination Type,0139009001,SUS 304,A
"Strainer, A351 CF8, Flange 150LB",01,Stainless Steel (SUS),0140,Strainer,0140006,A351 CF8,0140006002,Flange 150LB,A
"Strainer, A351 CF8, BB OS&Y 150LB",01,Stainless Steel (SUS),0140,Strainer,0140006,A351 CF8,0140006003,BB OS&Y 150LB,A
"Strainer, A351 CF8M, BB OS&Y 150LB",01,Stainless Steel (SUS),0140,Strainer,0140007,A351 CF8M,0140007001,BB OS&Y 150LB,A
"Strainer, A351 CF3, Flange 150LBS",01,Stainless Steel (SUS),0140,Strainer,0140009,A351 CF3,0140009001,Flange 150LBS,A
"Sightglass, A351 CF8, Lantern Type",01,Stainless Steel (SUS),0141,Sightglass,0141003,A351 CF8,0141003002,Lantern Type,A
"Duct Damper, For Spiral Duct",01,Stainless Steel (SUS),0147,Damper,0147001,For Spiral Duct,0147001001,Duct Damper,A
"Valves (Misc.), Inlet Valve, SUS 304",01,Stainless Steel (SUS),0148,Valves (Misc.),0148002,Inlet Valve,0148002001,SUS 304,A
Valves (Misc.),01,Stainless Steel (SUS),0148,Valves (Misc.),0148005,Other,0148005001,Standard,A
"Valves (Misc.), Shuttle Valve, Screw 10K",01,Stainless Steel (SUS),0148,Valves (Misc.),0148009,Shuttle Valve,0148009001,Screw 10K,A
"Breather Valve, SCS13, Flange 10K",01,Stainless Steel (SUS),0149,Breather Valve,0149001,SCS13,0149001001,Flange 10K,A
Solenoid Valve,01,Stainless Steel (SUS),0150,Solenoid Valve,0150001,Standard,0150001001,Standard,A
Sleeve,01,Stainless Steel (SUS),0152,Sleeve,0152001,Sleeve,0152001001,Sleeve,A
"SUS Fabricated Items, SUS 316 Fabricated Items",01,Stainless Steel (SUS),0156,Other,0156002,SUS Fabricated Items,0156002002,SUS 316 Fabricated Items,A
Pipe Adapter,01,Stainless Steel (SUS),0156,Other,0156003,Adapter,0156003001,Pipe Adapter,A
Hex Adapter,01,Stainless Steel (SUS),0156,Other,0156003,Adapter,0156003002,Hex Adapter,A
Clamp Band,01,Stainless Steel (SUS),0156,Other,0156004,Clamp,0156004001,Clamp Band,A
Box,01,Stainless Steel (SUS),0156,Other,0156005,Box,0156005001,Standard,A
"Spacer Ring, Stainless Steel (SUS)",01,Stainless Steel (SUS),0158,Blind & Spacer Ring,0158002,Spacer Ring,0158002001,Spacer Ring,A
"SPP/SGP Standard Steel Pipe, Galvanized SPP",02,Carbon Steel,0202,Pipe,0202007,SPP/SGP Standard Steel Pipe,0202007002,Galvanized SPP,A
"Pipe, A53 Gr.B, ERW STD",02,Carbon Steel,0202,Pipe,0202010,A53 Gr.B,0202010001,ERW STD,A
"Pipe, A53 Gr.B, ERW SCH40",02,Carbon Steel,0202,Pipe,0202010,A53 Gr.B,0202010002,ERW SCH40,A
"Pipe, A53 Gr.B, ERW X-S",02,Carbon Steel,0202,Pipe,0202010,A53 Gr.B,0202010003,ERW X-S,A
"Pipe, A53 Gr.B, Galvanized ERW SCH40",02,Carbon Steel,0202,Pipe,0202010,A53 Gr.B,0202010008,Galvanized ERW SCH40,A
"Pipe, A53 Gr.B, Galvanized ERW SCH80",02,Carbon Steel,0202,Pipe,0202010,A53 Gr.B,0202010010,Galvanized ERW SCH80,A
"Pipe, A53 Gr.B, ERW SCH20",02,Carbon Steel,0202,Pipe,0202010,A53 Gr.B,0202010015,ERW SCH20,A
"Fabricated Carbon Steel Pipe, PTFE Lined",02,Carbon Steel,0202,Pipe,0202018,Fabricated Carbon Steel Pipe,0202018002,PTFE Lined,A
"90D Elbow (LR), SPPS/STPG, ERW, Standard",02,Carbon Steel,0203,90D Elbow (LR),0203001,SPPS/STPG,0203001001,"ERW, Standard",A
"90D Elbow (LR), SPPS/STPG, Galvanized ERW, Standard",02,Carbon Steel,0203,90D Elbow (LR),0203001,SPPS/STPG,0203001008,"Galvanized ERW, Standard",A
"90D Elbow (LR), SPPS/STPG, Lined",02,Carbon Steel,0203,90D Elbow (LR),0203001,SPPS/STPG,0203001011,Lined,A
"90D Elbow (LR), A105, SW 3000# Galvanized",02,Carbon Steel,0203,90D Elbow (LR),0203002,A105,0203002009,SW 3000# Galvanized,A
"90D Elbow (LR), A105, Threaded 3000# Galvanized",02,Carbon Steel,0203,90D Elbow (LR),0203002,A105,0203002013,Threaded 3000# Galvanized,A
"90D Elbow (LR), A234 WPB, SML'S STD",02,Carbon Steel,0203,90D Elbow (LR),0203003,A234 WPB,0203003001,SML'S STD,A
"90D Elbow (LR), A234 WPB Galvanized, SML'S STD Galvanized",02,Carbon Steel,0203,90D Elbow (LR),0203004,A234 WPB Galvanized,0203004001,SML'S STD Galvanized,A
"90D Elbow (LR), Black Threaded",02,Carbon Steel,0203,90D Elbow (LR),0203005,Threaded,0203005001,Black Threaded,A
"Tee, SPPS/STPG, Galvanized ERW, Standard",02,Carbon Steel,0204,Tee,0204001,SPPS/STPG,0204001004,"Galvanized ERW, Standard",A
"Tee, A105, Galvanized S/W 3000#",02,Carbon Steel,0204,Tee,0204002,A105,0204002007,Galvanized S/W 3000#,A
"Tee, A105, Galvanized Threaded 3000#",02,Carbon Steel,0204,Tee,0204002,A105,0204002011,Galvanized Threaded 3000#,A
"Tee, A234-WPB, Seamless STD",02,Carbon Steel,0204,Tee,0204003,A234-WPB,0204003001,Seamless STD,A
"Concentric Reducer, A234-WPB, Seamless STD",02,Carbon Steel,0205,Concentric Reducer,0205003,A234-WPB,0205003001,Seamless STD,A
"Concentric Reducer, A234-WPB Galvanized, Galvanized Seamless STD",02,Carbon Steel,0205,Concentric Reducer,0205004,A234-WPB Galvanized,0205004001,Galvanized Seamless STD,A
"Concentric Reducer, A234-WPB Galvanized, Galvanized Seamless X-S",02,Carbon Steel,0205,Concentric Reducer,0205004,A234-WPB Galvanized,0205004003,Galvanized Seamless X-S,A
"Eccentric Reducer, A234-WPB, Seamless STD",02,Carbon Steel,0207,Eccentric Reducer,0207003,A234-WPB,0207003001,Seamless STD,A
"Cap, A234-WPB, Seamless STD",02,Carbon Steel,0208,Cap,0208003,A234-WPB,0208003001,Seamless STD,A
"Coupling, Spiral, Galvanized",02,Carbon Steel,0210,Coupling,0210005,Spiral,0210005001,Galvanized,A
Coupling,02,Carbon Steel,0210,Coupling,0210007,Other,0210007001,Standard,A
"Union, A105, S/W 3000#",02,Carbon Steel,0211,Union,0211001,A105,0211001001,S/W 3000#,A
"Union, A105 Galvanized, Threaded 3000#",02,Carbon Steel,0211,Union,0211002,A105 Galvanized,0211002004,Threaded 3000#,A
"Union, Galvanized Threaded",02,Carbon Steel,0211,Union,0211003,Threaded,0211003002,Galvanized Threaded,A
"Plug, Hex Head, A105 3000#",02,Carbon Steel,0212,Plug,0212001,Hex Head,0212001002,A105 3000#,A
"Plug, Hex Head, A105 Galvanized 3000#",02,Carbon Steel,0212,Plug,0212001,Hex Head,0212001004,A105 Galvanized 3000#,A
"Boss & Bushing & Socket, Hex Head Bushing, A105 3000#",02,Carbon Steel,0213,Boss & Bushing & Socket,0213003,Hex Head Bushing,0213003001,A105 3000#,A
"Boss & Bushing & Socket, Hex Head Bushing, A105 Galvanized 3000#",02,Carbon Steel,0213,Boss & Bushing & Socket,0213003,Hex Head Bushing,0213003002,A105 Galvanized 3000#,A
"Boss & Bushing & Socket, Threaded Bushing, Black Threaded",02,Carbon Steel,0213,Boss & Bushing & Socket,0213004,Threaded Bushing,0213004001,Black Threaded,A
"Boss & Bushing & Socket, Threaded Bushing, Galvanized Threaded",02,Carbon Steel,0213,Boss & Bushing & Socket,0213004,Threaded Bushing,0213004002,Galvanized Threaded,A
"Boss & Bushing & Socket, Threaded Socket, Galvanized Threaded",02,Carbon Steel,0213,Boss & Bushing & Socket,0213005,Threaded Socket,0213005002,Galvanized Threaded,A
"Reducing Insert, A105, S/W 3000#",02,Carbon Steel,0216,Reducing Insert,0216001,A105,0216001001,S/W 3000#,A
"Nipple, A106 Gr.B SML'S, SCH40S TBE",02,Carbon Steel,0217,Nipple,0217003,A106 Gr.B SML'S,0217003001,SCH40S TBE,A
"Nipple, A53 Gr.B ERW, SCH40S TBE",02,Carbon Steel,0217,Nipple,0217005,A53 Gr.B ERW,0217005001,SCH40S TBE,A
"Nipple, A53 Gr.B ERW, SCH40S TE*PE",02,Carbon Steel,0217,Nipple,0217005,A53 Gr.B ERW,0217005003,SCH40S TE*PE,A
"Nipple, A53 Gr.B ERW, SCH80S TBE",02,Carbon Steel,0217,Nipple,0217005,A53 Gr.B ERW,0217005004,SCH80S TBE,A
"Nipple, A53 Gr.B ERW Galvanized, SCH40S TBE",02,Carbon Steel,0217,Nipple,0217006,A53 Gr.B ERW Galvanized,0217006001,SCH40S TBE,A
"Nipple, A53 Gr.B ERW Galvanized, SCH80S TBE",02,Carbon Steel,0217,Nipple,0217006,A53 Gr.B ERW Galvanized,0217006004,SCH80S TBE,A
"Nipple, A733",02,Carbon Steel,0217,Nipple,0217007,A733,0217007001,A733,A
Straight Nipple,02,Carbon Steel,0217,Nipple,0217009,Other,0217009001,Straight Nipple,A
Nipple,02,Carbon Steel,0217,Nipple,0217009,Other,0217009002,Standard,A
"Socket Outlet (SOL), A105 3000# S/W",02,Carbon Steel,0218,Outlet,0218001,Socket Outlet (SOL),0218001001,A105 3000# S/W,A
"Welding Outlet (WOL), A105 6000#",02,Carbon Steel,0218,Outlet,0218002,Welding Outlet (WOL),0218002002,A105 6000#,A
"Welding Outlet (WOL), A105 3000# Galvanized",02,Carbon Steel,0218,Outlet,0218002,Welding Outlet (WOL),0218002004,A105 3000# Galvanized,A
"Welding Outlet (WOL), A105 S40",02,Carbon Steel,0218,Outlet,0218002,Welding Outlet (WOL),0218002008,A105 S40,A
"Thread Outlet (TOL), A105 3000# Threaded",02,Carbon Steel,0218,Outlet,0218003,Thread Outlet (TOL),0218003002,A105 3000# Threaded,A
"Thread Outlet (TOL), A105 3000# Galvanized Threaded",02,Carbon Steel,0218,Outlet,0218003,Thread Outlet (TOL),0218003005,A105 3000# Galvanized Threaded,A
"Flange, A105 150#, SORF",02,Carbon Steel,0221,Flange,0221005,A105 150#,0221005001,SORF,A
"Flange, A105 150#, WNRF STD",02,Carbon Steel,0221,Flange,0221005,A105 150#,0221005005,WNRF STD,A
"Flange, A105 150#, WNRF XS",02,Carbon Steel,0221,Flange,0221005,A105 150#,0221005006,WNRF XS,A
"Flange, A105 150#, BLRF",02,Carbon Steel,0221,Flange,0221005,A105 150#,0221005013,BLRF,A
"Flange, A105 150# Galvanized, SORF",02,Carbon Steel,0221,Flange,0221006,A105 150# Galvanized,0221006001,SORF,A
"Flange, A105 150# Galvanized, SWRF",02,Carbon Steel,0221,Flange,0221006,A105 150# Galvanized,0221006003,SWRF,A
"Flange, A105 150# Galvanized, WNRF STD",02,Carbon Steel,0221,Flange,0221006,A105 150# Galvanized,0221006005,WNRF STD,A
"Flange, A105 150# Galvanized, Threaded / RF",02,Carbon Steel,0221,Flange,0221006,A105 150# Galvanized,0221006007,Threaded / RF,A
"Flange, A105 150# Galvanized, BLRF",02,Carbon Steel,0221,Flange,0221006,A105 150# Galvanized,0221006013,BLRF,A
"Flange, A105 150# Galvanized, WNRF XS",02,Carbon Steel,0221,Flange,0221006,A105 150# Galvanized,0221006015,WNRF XS,A
"Ball Valve, A105, SCR'D 600LBS",02,Carbon Steel,0222,Ball Valve,0222002,A105,0222002013,SCR'D 600LBS,A
"Ball Valve, A216-WCB, Flange 150LBS",02,Carbon Steel,0222,Ball Valve,0222004,A216-WCB,0222004001,Flange 150LBS,A
"Swing Check Valve, A216 Gr.WCB, Flange 150LBS",02,Carbon Steel,0224,Swing Check Valve,0224002,A216 Gr.WCB,0224002001,Flange 150LBS,A
"Lift Check Valve, A126-B, Silent Check Valve",02,Carbon Steel,0225,Lift Check Valve,0225003,A126-B,0225003001,Silent Check Valve,A
"90D Elbow (SR), A234 WPB, SML'S STD",02,Carbon Steel,0231,90D Elbow (SR),0231003,A234 WPB,0231003001,SML'S STD,A
"45D Elbow, A234 WPB, SML'S STD",02,Carbon Steel,0232,45D Elbow,0232001,A234 WPB,0232001001,SML'S STD,A
"45D Elbow, SPPS/STPG, Galvanized ERW, Standard",02,Carbon Steel,0232,45D Elbow,0232002,SPPS/STPG,0232002004,"Galvanized ERW, Standard",A
"45D Elbow, SPPS/STPG, PTFE Lined",02,Carbon Steel,0232,45D Elbow,0232002,SPPS/STPG,0232002007,PTFE Lined,A
"45D Elbow, A105, Threaded 3000# Galvanized",02,Carbon Steel,0232,45D Elbow,0232003,A105,0232003011,Threaded 3000# Galvanized,A
"Reducing Tee, SPPS/STPG, Galvanized ERW, Standard",02,Carbon Steel,0234,Reducing Tee,0234001,SPPS/STPG,0234001004,"Galvanized ERW, Standard",A
"Reducing Tee, A234-WPB, Seamless STD",02,Carbon Steel,0234,Reducing Tee,0234003,A234-WPB,0234003001,Seamless STD,A
"Reducing Tee, A234-WPB Galvanized, Seamless STD",02,Carbon Steel,0234,Reducing Tee,0234004,A234-WPB Galvanized,0234004001,Seamless STD,A
"Y-Strainer A126-B, Flange 150LBS",02,Carbon Steel,0235,Strainer,0235003,Y-Strainer A126-B,0235003001,Flange 150LBS,A
Air Vent,02,Carbon Steel,0238,Air Vent,0238001,Standard,0238001001,Standard,A
"Damper, For Spiral Duct, Round Volume",02,Carbon Steel,0241,Damper,0241001,For Spiral Duct,0241001004,Round Volume,A
"Pressure Reducing Valve, A216 Gr.WCB, Flange 150#",02,Carbon Steel,0244,Pressure Reducing Valve,0244004,A216 Gr.WCB,0244004001,Flange 150#,A
"Flexible Connector, Two Ball Type",02,Carbon Steel,0245,Flexible,0245001,Flexible Connector,0245001002,Two Ball Type,A
"Pressure Regulating Valve, 150#",02,Carbon Steel,0246,Pressure Regulating Valve,0246002,150#,0246002001,150#,A
"Manual Butterfly Valve, A216 WCB",02,Carbon Steel,0249,Butterfly Valve,0249001,Manual Butterfly Valve,0249001001,A216 WCB,A
"Manual Butterfly Valve, A126 B",02,Carbon Steel,0249,Butterfly Valve,0249001,Manual Butterfly Valve,0249001004,A126 B,A
"Butterfly Valve, FCD450, 10K",02,Carbon Steel,0249,Butterfly Valve,0249004,FCD450,0249004002,10K,A
"Blank & Spacer, A105 105#, RF",02,Carbon Steel,0251,Blank & Spacer,0251001,A105 105#,0251001001,RF,A
Spare Pak Joint,02,Carbon Steel,0255,Spare Pak Joint,0255001,Spare Pak Joint,0255001001,Spare Pak Joint,A
"Pilot Valve, FCD45, Flange",02,Carbon Steel,0256,Pilot Valve,0256001,FCD45,0256001001,Flange,A
Duct,02,Carbon Steel,0261,Duct,0261002,Other,0261002001,Other,A
"Spacer Ring, Carbon Steel",02,Carbon Steel,0262,Blind & Spacer Ring,0262002,Spacer Ring,0262002001,Spacer Ring,A
PFA Tube (Roll),03,PFA,0302,Tube,0302001,PFA Tube (Roll),0302001001,Standard,B
"LPP Tube, PFA",03,PFA,0302,Tube,0302003,LPP Tube,0302003001,Standard,B
"Flexible Tube / Hose, PFA",03,PFA,0302,Tube,0302004,Flexible Tube / Hose,0302004001,Standard,B
"Manual Valve, Flare Type, PFA",03,PFA,0303,Valve,0303001,Manual Valve,0303001001,Flare Type,B
"TS Valve, PFA",03,PFA,0303,Valve,0303003,TS Valve,0303003001,Standard,B
"Block Valve, Seba, PFA",03,PFA,0303,Valve,0303005,Block Valve,0303005002,Seba,B
"Check Valve, Furon, PFA",03,PFA,0303,Valve,0303006,Check Valve,0303006001,Furon,B
"Welding Type, Pipe Elbow, PFA",03,PFA,0304,Fitting,0304002,Welding Type,0304002001,Pipe Elbow,B
"Welding Type, Pipe Flange Adapter, PFA",03,PFA,0304,Fitting,0304002,Welding Type,0304002002,Pipe Flange Adapter,B
"Flare Type, Union Flange Adapter, PFA",03,PFA,0304,Fitting,0304003,Flare Type,0304003002,Union Flange Adapter,B
"Flare Type, Union Reducing Tee, PFA",03,PFA,0304,Fitting,0304003,Flare Type,0304003003,Union Reducing Tee,B
"Flare Type, Reducing Union, PFA",03,PFA,0304,Fitting,0304003,Flare Type,0304003004,Reducing Union,B
"Flare Type, Union Straight, PFA",03,PFA,0304,Fitting,0304003,Flare Type,0304003005,Union Straight,B
"Flare Type, Union Tee, PFA",03,PFA,0304,Fitting,0304003,Flare Type,0304003006,Union Tee,B
"Flare Type, End Cap, PFA",03,PFA,0304,Fitting,0304003,Flare Type,0304003011,End Cap,B
"Flare Type, Nut, PFA",03,PFA,0304,Fitting,0304003,Flare Type,0304003015,Nut,B
"Flare Type, Male Connector, PFA",03,PFA,0304,Fitting,0304003,Flare Type,0304003017,Male Connector,B
"Flare Type, Sleeve, PFA",03,PFA,0304,Fitting,0304003,Flare Type,0304003023,Sleeve,B
"Flare Type, Union Flange, PFA",03,PFA,0304,Fitting,0304003,Flare Type,0304003031,Union Flange,B
"Accessories, Vessel, PFA",03,PFA,0306,Accessories,0306004,Vessel & Air Separator,0306004002,Vessel,B
"Ferrule, PFA",03,PFA,0306,Accessories,0306018,Ferrule,0306018001,Standard,B
"Diaphragm Valve, PFA Lined",03,PFA,0307,PFA Lined,0307001,Valve,0307001001,Diaphragm Valve,B
"Ball Valve, PFA Lined",03,PFA,0307,PFA Lined,0307001,Valve,0307001002,Ball Valve,B
"Valve, PFA Lined",03,PFA,0307,PFA Lined,0307001,Valve,0307001005,Other Valves,B
PFA,03,PFA,0309,Other,0309001,Standard,0309001001,Standard,B
"ECTFE, Halar, PFA",03,PFA,0309,Other,0309002,ECTFE,0309002001,Halar,B
"ECTFE, PFA",03,PFA,0309,Other,0309002,ECTFE,0309002002,Standard,B
"Duct, Pipe, PVC",04,PVC,0401,Pipe,0401005,Duct,0401005001,Pipe,B
"Standard PVC Pipe (Gray, Asung)",04,PVC,0401,Pipe,0401006,"Standard PVC Pipe (Gray, Asung)",0401006001,"Standard PVC Pipe (Gray, Asung)",B
"45D Elbow, Duct, PVC",04,PVC,0402,Fitting,0402001,45D Elbow,0402001007,Duct,B
"90D Elbow, TS Solvent-Weld (Water Service), PVC",04,PVC,0402,Fitting,0402002,90D Elbow,0402002003,TS Solvent-Weld (Water Service),B
"90D Elbow, Duct, PVC",04,PVC,0402,Fitting,0402002,90D Elbow,0402002007,Duct,B
"Cap & Cleanout, TS Solvent-Weld (Water Service), PVC",04,PVC,0402,Fitting,0402003,Cap & Cleanout,0402003001,TS Solvent-Weld (Water Service),B
"Tee, Duct, PVC",04,PVC,0402,Fitting,0402004,Tee,0402004005,Duct,B
"Reducer, TS Solvent-Weld (Water Service), PVC",04,PVC,0402,Fitting,0402005,Reducer,0402005001,TS Solvent-Weld (Water Service),B
"Reducer, Duct, PVC",04,PVC,0402,Fitting,0402005,Reducer,0402005003,Duct,B
"Y-Tee, Duct, PVC",04,PVC,0402,Fitting,0402008,Y-Tee,0402008002,Duct,B
"Socket, TS Solvent-Weld (Water Service), PVC",04,PVC,0402,Fitting,0402009,Socket,0402009001,TS Solvent-Weld (Water Service),B
"Valve Socket, PVC",04,PVC,0402,Fitting,0402009,Socket,0402009004,Valve Socket,B
"Socket, Duct, PVC",04,PVC,0402,Fitting,0402009,Socket,0402009006,Duct,B
"Panel Mount Union, PVC",04,PVC,0402,Fitting,0402018,Panel Mount Union,0402018001,Standard,B
"Flange, PVC",04,PVC,0403,Flange,0403001,Flange,0403001001,Standard,B
"Blind Flange, PVC",04,PVC,0403,Flange,0403002,Blind Flange,0403002001,Standard,B
"Ball Valve, Socket Type, PVC",04,PVC,0404,Valve,0404004,Ball Valve,0404004001,Socket Type,B
"Union Ball Valve, Socket Type, PVC",04,PVC,0404,Valve,0404005,Union Ball Valve,0404005003,Socket Type,B
Check Valve (PVC),04,PVC,0404,Valve,0404018,Check Valve,0404018001,Check Valve (PVC),B
"Valve, PVC",04,PVC,0404,Valve,0404020,Other,0404020001,Standard,B
PVC Damper Socket Type,04,PVC,0405,Damper,0405004,PVC Damper Socket Type,0405004001,Standard,B
"Screw Type, Strainer, PVC",04,PVC,0406,Strainer,0406001,Screw Type,0406001001,Standard,B
"Plug, PVC",04,PVC,0407,Plug,0407001,Plug,0407001001,PVC,B
FM Approved PVC (Fire-Rated),04,PVC,0409,FM Approved PVC,0409001,FM Approved PVC (Fire-Rated),0409001001,FM Approved PVC (Fire-Rated),B
"Pipe, Clean PVC",05,Clean PVC,0501,Pipe,0501001,Standard,0501001001,Standard,B
"90D Elbow, Clean PVC",05,Clean PVC,0502,Fitting,0502001,Elbow,0502001001,90D Elbow,B
"Faucet Socket (Female Adapter), Clean PVC",05,Clean PVC,0502,Fitting,0502003,Socket,0502003002,Faucet Socket (Female Adapter),B
"Solvent Cement (Adhesive), PVC Solvent Cement, Gasket & Solvent Cement",05,Clean PVC,0505,Gasket & Solvent Cement,0505001,Solvent Cement (Adhesive),0505001001,PVC Solvent Cement,B
"Pipe, Clear PVC",06,Clear PVC,0605,Pipe,0605001,Standard,0605001001,Standard,B
"Socket, Clear PVC",06,Clear PVC,0606,Fitting,0606002,Socket,0606002001,Standard,B
"Elbow Box, Clear PVC",06,Clear PVC,0609,Elbow Box,0609001,Standard,0609001001,Standard,B
"Tee Box, Clear PVC",06,Clear PVC,0610,Tee Box,0610001,Standard,0610001001,Standard,B
"Valve Box, Clear PVC",06,Clear PVC,0611,Valve Box,0611001,Standard,0611001001,Standard,B
"Union Box, Clear PVC",06,Clear PVC,0615,Union Box,0615001,Standard,0615001001,Standard,B
"Reducer Box, Clear PVC",06,Clear PVC,0616,Reducer Box,0616001,Standard,0616001001,Standard,B
"Loop Box, Clear PVC",06,Clear PVC,0619,Loop Box,0619001,Standard,0619001001,Standard,B
Clear PVC,06,Clear PVC,0625,Other,0625001,Standard,0625001001,Standard,B
"Valve Box, HT PVC",07,HT PVC,0707,Valve Box,0707001,Standard,0707001001,Valve Box / HT PVC,B
"Tee, PE",08,PE,0802,Fitting,0802002,Tee,0802002002,Tee,B
PE,08,PE,0804,Other,0804001,Other,0804001001,Other,B
"H-Beam, Steel",09,Structural Shapes,0901,Steel,0901001,H-Beam,0901001001,Steel,C
"Angle, Steel",09,Structural Shapes,0901,Steel,0901003,Angle,0901003001,Steel,C
"Square & Rectangular Tube, Square Tube, Stainless Steel",09,Structural Shapes,0902,Stainless Steel,0902004,Square & Rectangular Tube,0902004001,Square Tube,C
Steel Plate,10,Plate & Sheet,1001,Steel,1001001,Steel,1001001001,Steel Plate,C2
"Steel, Galvanized Sheet",10,Plate & Sheet,1001,Steel,1001001,Steel,1001001003,Galvanized Sheet,C2
SUS Plate,10,Plate & Sheet,1002,SUS,1002001,SUS,1002001001,SUS Plate,C2
"Plate, PVC, Gray",10,Plate & Sheet,1003,PVC,1003001,Plate,1003001001,Gray,C2
"Plate, PVC, Ivory",10,Plate & Sheet,1003,PVC,1003001,Plate,1003001002,Ivory,C2
"Name Plate, PVC",10,Plate & Sheet,1003,PVC,1003001,Plate,1003001003,Name Plate,C2
"Plate, PVC, Fabricated",10,Plate & Sheet,1003,PVC,1003001,Plate,1003001004,Fabricated,C2
"Plate, AL",10,Plate & Sheet,1004,AL,1004001,Plate,1004001001,Plate,C2
"Single-Stage Volute, Volute (Centrifugal) Pump",11,Pump & Motor,1101,Volute (Centrifugal) Pump,1101003,Single-Stage Volute,1101003001,Standard,F
In-Line Pump,11,Pump & Motor,1102,In-Line Pump,1102001,In-Line,1102001001,In-Line,F
Diaphragm Pump,11,Pump & Motor,1104,Diaphragm Pump,1104001,Diaphragm Pump,1104001001,Pump,F
Pump & Motor,11,Pump & Motor,1110,Standard,1110002,Standard,1110002001,Standard,F
Vacuum Pump,11,Pump & Motor,1111,Vacuum Pump,1111001,Standard,1111001001,Standard,F
Motor,11,Pump & Motor,1112,Motor,1112001,Standard,1112001001,Standard,F
"Wetted Parts, Pump Parts & Accessories",11,Pump & Motor,1114,Pump Parts & Accessories,1114001,Wetted Parts,1114001001,Wetted Parts,F
Pump Parts & Accessories,11,Pump & Motor,1114,Pump Parts & Accessories,1114003,Other,1114003001,Standard,F
Muffler,12,Compressor,1206,Other,1206003,Muffler,1206003001,Muffler,F
Pressure Gauge,13,Instrumentation & Measuring Equipment,1301,Pressure Gauge,1301001,Pressure Gauge,1301001001,Pressure Gauge,F
Temperature Gauge,13,Instrumentation & Measuring Equipment,1302,Temperature Gauge,1302001,Temperature Gauge,1302001001,Temperature Gauge,F
Flow Meter,13,Instrumentation & Measuring Equipment,1303,Flow Meter,1303001,Flow Meter,1303001001,Flow Meter,F
Ultrasonic Flowmeter,13,Instrumentation & Measuring Equipment,1303,Flow Meter,1303001,Flow Meter,1303001004,Ultrasonic Flowmeter,F
Level Transmitter,13,Instrumentation & Measuring Equipment,1305,Transmitter,1305001,Level Transmitter,1305001001,Level Transmitter,F
Standard Transmitter,13,Instrumentation & Measuring Equipment,1305,Transmitter,1305005,Standard Transmitter,1305005001,Transmitter,F
Leak Sensor,13,Instrumentation & Measuring Equipment,1310,Sensor,1310001,Leak Sensor,1310001002,Standard,F
Sensor,13,Instrumentation & Measuring Equipment,1310,Sensor,1310002,Standard,1310002001,Standard,F
Switch,13,Instrumentation & Measuring Equipment,1313,Switch,1313001,Standard,1313001001,Standard,F
Instrumentation & Measuring Equipment,13,Instrumentation & Measuring Equipment,1314,Other,1314001,Standard,1314001001,Standard,F
Level Gauge,13,Instrumentation & Measuring Equipment,1317,Level Gauge,1317001,Level Gauge,1317001001,Level Gauge,F
"PTFE (Teflon) Gasket, 10K, RF 3.0T",14,Gasket,1401,PTFE (Teflon) Gasket,1401001,10K,1401001001,RF 3.0T,E
"PTFE (Teflon) Gasket, 150#, RF 3.0T",14,Gasket,1401,PTFE (Teflon) Gasket,1401003,150#,1401003001,RF 3.0T,E
"PTFE (Teflon) Gasket, 150#, Blind 3.0T",14,Gasket,1401,PTFE (Teflon) Gasket,1401003,150#,1401003003,Blind 3.0T,E
"PTFE (Teflon) Gasket, 150#, RF 3.2T",14,Gasket,1401,PTFE (Teflon) Gasket,1401003,150#,1401003004,RF 3.2T,E
"PTFE (Teflon) Gasket, 150#, FF 3.2T",14,Gasket,1401,PTFE (Teflon) Gasket,1401003,150#,1401003005,FF 3.2T,E
"PTFE (Teflon) Gasket, 150#, RF 1.6T",14,Gasket,1401,PTFE (Teflon) Gasket,1401003,150#,1401003006,RF 1.6T,E
"PTFE (Teflon) Gasket, 300#, RF",14,Gasket,1401,PTFE (Teflon) Gasket,1401004,300#,1401004001,RF,E
"PTFE (Teflon) Gasket, Machining / Fabrication",14,Gasket,1401,PTFE (Teflon) Gasket,1401008,Machining / Fabrication,1401008001,Standard,E
"PTFE (Teflon) Gasket, 16K, RF 3.0T",14,Gasket,1401,PTFE (Teflon) Gasket,1401009,16K,1401009001,RF 3.0T,E
"Spiral Wound 150#, IN304/OUT304, 304/Graphite",14,Gasket,1402,Spiral Wound 150#,1402001,IN304/OUT304,1402001001,304/Graphite,E
"Spiral Wound 150#, IN304/OUT304, 304/PTFE",14,Gasket,1402,Spiral Wound 150#,1402001,IN304/OUT304,1402001003,304/PTFE,E
"Spiral Wound 150#, IN316/OUT316, 316/Graphite",14,Gasket,1402,Spiral Wound 150#,1402003,IN316/OUT316,1402003002,316/Graphite,E
"Rubber (EPDM) Gasket, RF, 150#",14,Gasket,1404,Rubber (EPDM) Gasket,1404001,RF,1404001003,150#,E
"Rubber (EPDM) Gasket, FF, 150#",14,Gasket,1404,Rubber (EPDM) Gasket,1404002,FF,1404002003,150#,E
"Non-Asbestos Sheet Gasket, RF, 150#",14,Gasket,1406,Non-Asbestos Sheet Gasket,1406001,RF,1406001003,150#,E
"Non-Asbestos Sheet Gasket, FF, 150#",14,Gasket,1406,Non-Asbestos Sheet Gasket,1406002,FF,1406002003,150#,E
"Graphite Gasket, 150# RF, Custom Machined",14,Gasket,1408,Graphite Gasket,1408001,150# RF,1408001001,Custom Machined,E
"Garlock Gasket, #3500 RF, #150 3.2THK",14,Gasket,1410,Garlock Gasket,1410007,#3500 RF,1410007003,#150 3.2THK,E
"Eplon (EPDM+Teflon) Gasket, FF, 10K",14,Gasket,1412,Eplon (EPDM+Teflon) Gasket,1412001,FF,1412001001,10K,E
"Eplon (EPDM+Teflon) Gasket, FF, 150#",14,Gasket,1412,Eplon (EPDM+Teflon) Gasket,1412001,FF,1412001002,150#,E
"Eplon (EPDM+Teflon) Gasket, RF, 150#",14,Gasket,1412,Eplon (EPDM+Teflon) Gasket,1412002,RF,1412002001,150#,E
"Spiral Wound 300#, IN304/OUT304, 304/Graphite",14,Gasket,1414,Spiral Wound 300#,1414001,IN304/OUT304,1414001001,304/Graphite,E
"O-Ring, EPDM",14,Gasket,1416,O-Ring,1416001,EPDM,1416001001,Standard,E
Packing,14,Gasket,1417,Packing,1417001,Packing,1417001001,Packing,E
"Metal, Gap Ring",14,Gasket,1431,Metal,1431008,Gap Ring,1431008001,Gap Ring,E
Machining / Fabrication,14,Gasket,1432,Machining / Fabrication,1432001,Machining / Fabrication,1432001001,Machining / Fabrication,E
"S-Viton, For Coated Duct",14,Gasket,1442,S-Viton,1442001,Standard,1442001001,For Coated Duct,E
"Cooling Tower, Cooling Equipment",16,HVAC Equipment,1604,Cooling Equipment,1604003,Cooling Tower,1604003001,Standard,F
"Jacket Heater, Drying Equipment",16,HVAC Equipment,1606,Drying Equipment,1606001,Heater,1606001001,Jacket Heater,F
"Outside Air Handling Unit (OAU), Makeup Air Unit (MAU), Air Handling Equipment",16,HVAC Equipment,1608,Air Handling Equipment,1608005,Outside Air Handling Unit (OAU),1608005001,Makeup Air Unit (MAU),F
"Blower / Fan, Air Moving Equipment",16,HVAC Equipment,1609,Air Moving Equipment,1609001,Blower / Fan,1609001002,Blower / Fan,F
"NBR/EPDM Elastomeric Foam Insulation, Tube Insulation (Pipe Cover), Pipe Insulation (Pipe Covering)",17,Plumbing Piping Materials (Supply & Drain),1701,Pipe Insulation (Pipe Covering),1701003,NBR/EPDM Elastomeric Foam Insulation,1701003001,Tube Insulation (Pipe Cover),D
"NBR/EPDM Elastomeric Foam Insulation, Roll / Sheet Insulation, Pipe Insulation (Pipe Covering)",17,Plumbing Piping Materials (Supply & Drain),1701,Pipe Insulation (Pipe Covering),1701003,NBR/EPDM Elastomeric Foam Insulation,1701003002,Roll / Sheet Insulation,D
"Insulation Jacketing (Finish), Pipe Insulation (Pipe Covering)",17,Plumbing Piping Materials (Supply & Drain),1701,Pipe Insulation (Pipe Covering),1701005,Insulation Jacketing (Finish),1701005001,Insulation Jacketing (Finish),D
"Fiberglass Pipe Insulation, Pipe Insulation (Pipe Covering)",17,Plumbing Piping Materials (Supply & Drain),1701,Pipe Insulation (Pipe Covering),1701006,Fiberglass Pipe Insulation,1701006001,Fiberglass Pipe Insulation,D
"Pipe Protection Cover, Pipe Insulation (Pipe Covering)",17,Plumbing Piping Materials (Supply & Drain),1701,Pipe Insulation (Pipe Covering),1701008,Pipe Protection Cover,1701008001,Pipe Protection Cover,D
"Mineral Wool Insulation, Pipe Insulation (Pipe Covering)",17,Plumbing Piping Materials (Supply & Drain),1701,Pipe Insulation (Pipe Covering),1701009,Mineral Wool Insulation,1701009001,Mineral Wool Insulation,D
Valve,17,Plumbing Piping Materials (Supply & Drain),1702,Valve,1702003,Other,1702003001,Other,D
"Pipe Hanger, Pipe Support Materials",17,Plumbing Piping Materials (Supply & Drain),1704,Pipe Support Materials,1704001,Pipe Hanger,1704001003,Standard,D
"Pipe Hanger, Clevis Hanger, Pipe Support Materials",17,Plumbing Piping Materials (Supply & Drain),1704,Pipe Support Materials,1704001,Pipe Hanger,1704001005,Clevis Hanger,D
"Strut Framing System, Strut Channel, Pipe Support Materials",17,Plumbing Piping Materials (Supply & Drain),1704,Pipe Support Materials,1704002,Strut Framing System,1704002001,Strut Channel,D
"Strut Framing System, Bracket, Pipe Support Materials",17,Plumbing Piping Materials (Supply & Drain),1704,Pipe Support Materials,1704002,Strut Framing System,1704002002,Bracket,D
"Pipe Saddle, Pipe Support Materials",17,Plumbing Piping Materials (Supply & Drain),1704,Pipe Support Materials,1704003,Pipe Saddle,1704003001,Saddle,D
"Pipe Shoe, Anchor Shoe (Pipe Anchor), Pipe Support Materials",17,Plumbing Piping Materials (Supply & Drain),1704,Pipe Support Materials,1704004,Pipe Shoe,1704004001,Anchor Shoe (Pipe Anchor),D
"Pipe Shoe, Resting Shoe, Pipe Support Materials",17,Plumbing Piping Materials (Supply & Drain),1704,Pipe Support Materials,1704004,Pipe Shoe,1704004002,Resting Shoe,D
"Pipe Shoe, Pipe Clamp, Pipe Support Materials",17,Plumbing Piping Materials (Supply & Drain),1704,Pipe Support Materials,1704004,Pipe Shoe,1704004003,Pipe Clamp,D
"Pipe Shoe, Riser Clamp, Pipe Support Materials",17,Plumbing Piping Materials (Supply & Drain),1704,Pipe Support Materials,1704004,Pipe Shoe,1704004004,Riser Clamp,D
"Rubber-Lined Pipe Shoe, Pipe Support Materials",17,Plumbing Piping Materials (Supply & Drain),1704,Pipe Support Materials,1704004,Pipe Shoe,1704004006,Rubber-Lined Pipe Shoe,D
"Pipe Shoe, Pipe Support Materials",17,Plumbing Piping Materials (Supply & Drain),1704,Pipe Support Materials,1704004,Pipe Shoe,1704004009,Other,D
"AL Bar, Pipe Support Materials",17,Plumbing Piping Materials (Supply & Drain),1704,Pipe Support Materials,1704005,AL Bar,1704005001,Standard,D
"Beam Clamp, Galvanized, Pipe Support Materials",17,Plumbing Piping Materials (Supply & Drain),1704,Pipe Support Materials,1704006,Beam Clamp,1704006002,Galvanized,D
"Support Fabrication, Other Fabricated Supports, Pipe Support Materials",17,Plumbing Piping Materials (Supply & Drain),1704,Pipe Support Materials,1704007,Support Fabrication,1704007002,Other Fabricated Supports,D
"Tube Clip, SUS 304, Pipe Support Materials",17,Plumbing Piping Materials (Supply & Drain),1704,Pipe Support Materials,1704008,Tube Clip,1704008001,SUS 304,D
"Flat Bar / Plate, Rubber Pad, Pipe Support Materials",17,Plumbing Piping Materials (Supply & Drain),1704,Pipe Support Materials,1704009,Flat Bar / Plate,1704009002,Rubber Pad,D
"Flat Bar / Plate, Steel, Pipe Support Materials",17,Plumbing Piping Materials (Supply & Drain),1704,Pipe Support Materials,1704009,Flat Bar / Plate,1704009005,Steel,D
"Miscellaneous Support Materials, Clamp, Pipe Support Materials",17,Plumbing Piping Materials (Supply & Drain),1704,Pipe Support Materials,1704010,Miscellaneous Support Materials,1704010002,Clamp,D
"Rubber End Cap, Pipe Support Materials",17,Plumbing Piping Materials (Supply & Drain),1704,Pipe Support Materials,1704011,Rubber End Cap,1704011001,Standard,D
"U-Bend, Vibration-Isolating U-Bolt, Pipe Support Materials",17,Plumbing Piping Materials (Supply & Drain),1704,Pipe Support Materials,1704012,U-Bend,1704012001,Vibration-Isolating U-Bolt,D
"Urethane Block, Pipe Support Materials",17,Plumbing Piping Materials (Supply & Drain),1704,Pipe Support Materials,1704013,Urethane Block,1704013001,Urethane Block,D
"NW Flange Assemblies, NW Clamp, Vacuum Piping Fittings",17,Plumbing Piping Materials (Supply & Drain),1705,Vacuum Piping Fittings,1705001,NW Flange Assemblies,1705001001,NW Clamp,D
"NW Flange Assemblies, Vacuum Piping Fittings",17,Plumbing Piping Materials (Supply & Drain),1705,Vacuum Piping Fittings,1705001,NW Flange Assemblies,1705001002,NW Flange,D
"DC Flange Assemblies, DC Clamp, Vacuum Piping Fittings",17,Plumbing Piping Materials (Supply & Drain),1705,Vacuum Piping Fittings,1705002,DC Flange Assemblies,1705002001,DC Clamp,D
"Bellows Assemblies, NW Flange Type, Vacuum Piping Fittings",17,Plumbing Piping Materials (Supply & Drain),1705,Vacuum Piping Fittings,1705003,Bellows Assemblies,1705003001,NW Flange Type,D
"Center O-Ring, Vacuum Piping Fittings",17,Plumbing Piping Materials (Supply & Drain),1705,Vacuum Piping Fittings,1705004,Center O-Ring,1705004001,Center O-Ring,D
"Gasket, Teflon, Vacuum Piping Fittings",17,Plumbing Piping Materials (Supply & Drain),1705,Vacuum Piping Fittings,1705006,Gasket,1705006001,Teflon,D
"House Vacuum, Vacuum Piping Fittings",17,Plumbing Piping Materials (Supply & Drain),1705,Vacuum Piping Fittings,1705009,House Vacuum,1705009001,House Vacuum,D
"SP Flange, SUS+PVC, Vacuum Piping Fittings",17,Plumbing Piping Materials (Supply & Drain),1705,Vacuum Piping Fittings,1705011,SP Flange,1705011001,SUS+PVC,D
"Pipe, PVDF",18,PVDF,1801,Pipe,1801001,Standard,1801001001,Standard,B
"90D Elbow, PVDF",18,PVDF,1802,Fitting,1802001,Elbow,1802001001,90D Elbow,B
"45D Elbow, PVDF",18,PVDF,1802,Fitting,1802001,Elbow,1802001002,45D Elbow,B
"Tee, PVDF",18,PVDF,1802,Fitting,1802002,Tee,1802002001,Tee,B
"Reducing Tee, PVDF",18,PVDF,1802,Fitting,1802002,Tee,1802002002,Reducing Tee,B
"Concentric Reducer, PVDF",18,PVDF,1802,Fitting,1802003,Concentric Reducer,1802003001,Concentric Reducer,B
"Stub End, PVDF",18,PVDF,1802,Fitting,1802004,Stub End,1802004001,Standard,B
"Union, PVDF",18,PVDF,1802,Fitting,1802005,Union,1802005001,Standard,B
"Adapter, PVDF",18,PVDF,1802,Fitting,1802007,Adapter,1802007001,Adapter,B
"Transition Fitting, PVDF",18,PVDF,1802,Fitting,1802008,Transition Fitting,1802008001,Standard,B
"Bush, PVDF",18,PVDF,1802,Fitting,1802016,Bush,1802016001,Standard,B
"Flange, PVDF",18,PVDF,1803,Flange,1803001,Flange,1803001001,Flange,B
"Check Valve, BW, PVDF",18,PVDF,1804,Valve,1804001,Check Valve,1804001002,BW,B
"Check Valve, Flange, PVDF",18,PVDF,1804,Valve,1804001,Check Valve,1804001003,Flange,B
"Ball Valve, BW, PVDF",18,PVDF,1804,Valve,1804002,Ball Valve,1804002002,BW,B
"Diaphragm Valve, Union Butt Type, PVDF",18,PVDF,1804,Valve,1804004,Diaphragm Valve,1804004001,Union Butt Type,B
"Chemical Filter, Entegris",19,Filter,1901,Chemical Filter,1901001,Standard,1901001001,Entegris,F
Gas Filter,19,Filter,1902,Gas Filter,1902001,Standard,1902001001,Standard,F
"Purifier, SUS 316L, Gas Filter",19,Filter,1902,Gas Filter,1902002,Purifier,1902002001,SUS 316L,F
"SUS, Chemical Filter Housing",19,Filter,1903,Chemical Filter Housing,1903002,SUS,1903002003,Standard,F
"PP, Chemical Filter Cartridge",19,Filter,1904,Chemical Filter Cartridge,1904002,PP,1904002002,Standard,F
Water Treatment Filter,19,Filter,1906,Water Treatment Filter,1906001,Standard,1906001001,Standard,F
"Filter Housing, PCW Filter",19,Filter,1907,PCW Filter,1907002,Filter Housing,1907002001,Standard,F
Air Filter,19,Filter,1908,Air Filter,1908001,Filter,1908001001,Filter,F
Male VCR,20,Regulator,2001,VCR,2001001,VCR,2001001001,Male VCR,F
Female VCR,20,Regulator,2001,VCR,2001001,VCR,2001001002,Female VCR,F
LOK,20,Regulator,2002,LOK,2002001,LOK,2002001001,LOK,F
Regulator,20,Regulator,2003,Standard,2003001,Standard,2003001001,Standard,F
"Scrubber / Dust Collector, Air Pollution Control Equipment",22,Environmental Equipment,2202,Air Pollution Control Equipment,2202001,Scrubber / Dust Collector,2202001001,Standard,F
"Noise & Vibration Control Device, Pump Inertia Base, Noise & Vibration Control Equipment",22,Environmental Equipment,2203,Noise & Vibration Control Equipment,2203001,Noise & Vibration Control Device,2203001007,Pump Inertia Base,F
"90D Elbow, PP",23,PP,2301,Fitting,2301002,90D Elbow,2301002001,Standard,B
"45D Elbow, PP",23,PP,2301,Fitting,2301003,45D Elbow,2301003001,Standard,B
"Concentric Reducer, PP",23,PP,2301,Fitting,2301004,Concentric Reducer,2301004001,Standard,B
"Tee, PP",23,PP,2301,Fitting,2301006,Tee,2301006001,Standard,B
"Tee, Jacketed Double Containment, PP",23,PP,2301,Fitting,2301006,Tee,2301006004,Jacketed Double Containment,B
"Union, Socket, PP",23,PP,2301,Fitting,2301009,Union,2301009001,Socket,B
"Union, Weld, PP",23,PP,2301,Fitting,2301009,Union,2301009003,Weld,B
"Socket, PP",23,PP,2301,Fitting,2301010,Socket,2301010001,Standard,B
"Socket, Jacketed Double Containment, PP",23,PP,2301,Fitting,2301010,Socket,2301010003,Jacketed Double Containment,B
"R-Tee, PP",23,PP,2301,Fitting,2301013,R-Tee,2301013001,Standard,B
"Cap, PP",23,PP,2301,Fitting,2301018,Cap,2301018001,Standard,B
"Adapter, Male, PP",23,PP,2301,Fitting,2301020,Adapter,2301020001,Male,B
"Adapter, Female, PP",23,PP,2301,Fitting,2301020,Adapter,2301020002,Female,B
"Ring, PP",23,PP,2301,Fitting,2301021,Ring,2301021001,Standard,B
"Guide, PP",23,PP,2301,Fitting,2301022,Guide,2301022001,Standard,B
"Lock Nut, PP",23,PP,2301,Fitting,2301024,Lock Nut,2301024001,Standard,B
"Ball Valve, Butt Weld, PP",23,PP,2302,Valve,2302002,Ball Valve,2302002003,Butt Weld,B
"Ball Valve, Socket, PP",23,PP,2302,Valve,2302002,Ball Valve,2302002004,Socket,B
"Swing Check Valve, PP",23,PP,2302,Valve,2302004,Swing Check Valve,2302004001,Swing Check Valve,B
"Ball Check Valve, PP",23,PP,2302,Valve,2302005,Ball Check Valve,2302005001,Standard,B
"Relief Valve, PP",23,PP,2302,Valve,2302007,Relief Valve,2302007001,Standard,B
"Check Valve, PP",23,PP,2302,Valve,2302012,Check Valve,2302012001,Standard,B
"Blind Flange, PP",23,PP,2303,Flange,2303001,Blind Flange,2303001001,Standard,B
"Flange, PP",23,PP,2303,Flange,2303002,Flange,2303002001,Standard,B
"Adapter, PP",23,PP,2303,Flange,2303003,Adapter,2303003001,Standard,B
"PP, Pipe",23,PP,2304,Pipe,2304001,PP,2304001001,Standard,B
"Union End Connector, PP",23,PP,2310,Other,2310003,Union End Connector,2310003001,Standard,B
PP,23,PP,2310,Other,2310004,Standard,2310004001,Standard,B
"Union, Copper & Brass",25,Copper & Brass,2501,Fitting,2501007,Union,2501007001,Standard,B
"Bushing, Brass",25,Copper & Brass,2501,Fitting,2501011,Bushing,2501011001,Brass,B
"Pipe, Copper / Brass",25,Copper & Brass,2503,Pipe,2503001,Copper / Brass,2503001001,Pipe / Tube,B
"Ball Valve, Brass",25,Copper & Brass,2504,Valve,2504002,Ball Valve,2504002001,Brass,B
"Ball Valve, Cast Bronze, Copper & Brass",25,Copper & Brass,2504,Valve,2504002,Ball Valve,2504002002,Cast Bronze,B
"Check Valve, Bronze, Copper & Brass",25,Copper & Brass,2504,Valve,2504005,Check Valve,2504005001,Bronze,B
"Relief Valve, Brass",25,Copper & Brass,2504,Valve,2504006,Relief Valve,2504006001,Brass,B
"Relief Valve, Bronze, Copper & Brass",25,Copper & Brass,2504,Valve,2504006,Relief Valve,2504006002,Bronze,B
"Safety Valve, Copper & Brass",25,Copper & Brass,2504,Valve,2504007,Safety Valve,2504007001,Safety Valve,B
"Brass, Threaded, Pressure Reducing Valve",25,Copper & Brass,2509,Pressure Reducing Valve,2509001,Brass,2509001001,Threaded,B
"Vacuum Piping Fabrication, Pipe",26,Vacuum Piping,2601,Vacuum Piping Fabrication,2601001,Vacuum Piping Fabrication,2601001001,Pipe,F
"Vacuum Piping Fabrication, Elbow",26,Vacuum Piping,2601,Vacuum Piping Fabrication,2601001,Vacuum Piping Fabrication,2601001003,Elbow,F
"Vacuum Piping Fabrication, Reducer",26,Vacuum Piping,2601,Vacuum Piping Fabrication,2601001,Vacuum Piping Fabrication,2601001017,Reducer,F
"Pipe, SCH80",27,PVC SCH80,2701,Pipe,2701001,Pipe,2701001001,SCH80,B
"45D Elbow, SCH80",27,PVC SCH80,2702,Fitting,2702001,45D Elbow,2702001001,SCH80,B
"90D Elbow, PVC SCH80",27,PVC SCH80,2702,Fitting,2702002,90D Elbow,2702002001,Standard,B
"Cap, SCH80",27,PVC SCH80,2702,Fitting,2702003,Cap,2702003001,SCH80,B
"R-Tee, SCH80",27,PVC SCH80,2702,Fitting,2702004,R-Tee,2702004001,SCH80,B
"Bushing, SCH80",27,PVC SCH80,2702,Fitting,2702005,Bushing,2702005001,SCH80,B
"Tee, PVC SCH80",27,PVC SCH80,2702,Fitting,2702006,Tee,2702006001,Standard,B
"Union, SCH80",27,PVC SCH80,2702,Fitting,2702007,Union,2702007001,SCH80,B
"Socket, PVC SCH80",27,PVC SCH80,2702,Fitting,2702008,Socket,2702008001,Standard,B
"Reducer, PVC SCH80",27,PVC SCH80,2702,Fitting,2702009,Reducer,2702009001,Standard,B
"Coupling, PVC SCH80",27,PVC SCH80,2702,Fitting,2702010,Coupling,2702010001,Coupling,B
"Y-Tee, SCH80",27,PVC SCH80,2702,Fitting,2702011,Y-Tee,2702011001,SCH80,B
"Adapter, SCH 80",27,PVC SCH80,2702,Fitting,2702013,Adapter,2702013001,SCH 80,B
"Flange, PVC SCH80",27,PVC SCH80,2703,Flange,2703001,Flange,2703001001,Flange,B
"Blind Flange, PVC SCH80",27,PVC SCH80,2703,Flange,2703001,Flange,2703001002,Blind Flange,B
"Ball Valve, PVC SCH80",27,PVC SCH80,2704,Valve,2704001,Ball Valve,2704001001,Ball Valve,B
Nickel Alloy Steel,28,Nickel Alloy Steel,2818,Other,2818001,Other,2818001001,Other,A
"Pipe, SCH80, C PVC",29,C PVC,2901,Pipe,2901001,Standard,2901001001,SCH80,B
"Pipe, C PVC",29,C PVC,2901,Pipe,2901001,Standard,2901001002,Standard,B
"90D Elbow, SCH80, C PVC",29,C PVC,2902,Fitting,2902001,90D Elbow,2902001001,SCH80,B
"90D Elbow, C PVC",29,C PVC,2902,Fitting,2902001,90D Elbow,2902001002,Standard,B
"45D Elbow, SCH80, C PVC",29,C PVC,2902,Fitting,2902002,45D Elbow,2902002001,SCH80,B
"45D Elbow, C PVC",29,C PVC,2902,Fitting,2902002,45D Elbow,2902002002,Standard,B
"Tee, SCH80, C PVC",29,C PVC,2902,Fitting,2902003,Tee,2902003001,SCH80,B
"Tee, C PVC",29,C PVC,2902,Fitting,2902003,Tee,2902003002,Standard,B
"Socket, SCH80, C PVC",29,C PVC,2902,Fitting,2902004,Socket,2902004001,SCH80,B
"Union, Socket Type, C PVC",29,C PVC,2902,Fitting,2902005,Union,2902005001,Socket Type,B
"Reducing Coupling, C PVC",29,C PVC,2902,Fitting,2902006,Reducing Coupling,2902006001,Standard,B
"Reducing Coupling, SCH80, C PVC",29,C PVC,2902,Fitting,2902006,Reducing Coupling,2902006002,SCH80,B
"Cap, SCH80, C PVC",29,C PVC,2902,Fitting,2902008,Cap,2902008001,SCH80,B
C-PVC Adapter,29,C PVC,2902,Fitting,2902009,Adapter,2902009001,C-PVC Adapter,B
C-PVC Coupling,29,C PVC,2902,Fitting,2902010,Coupling,2902010001,C-PVC Coupling,B
C-PVC Bushing,29,C PVC,2902,Fitting,2902011,Bushing,2902011001,C-PVC Bushing,B
"Plug, SCH80, C PVC",29,C PVC,2902,Fitting,2902012,Plug,2902012001,SCH80,B
"Nipple, SCH80, C PVC",29,C PVC,2902,Fitting,2902013,Nipple,2902013001,SCH80,B
"Flange, SCH80, C PVC",29,C PVC,2903,Flange,2903001,Flange,2903001001,SCH80,B
"Flange, C PVC",29,C PVC,2903,Flange,2903001,Flange,2903001002,Standard,B
"Blind Flange, SCH80, C PVC",29,C PVC,2903,Flange,2903002,Blind Flange,2903002001,SCH80,B
"Blind Flange, C PVC",29,C PVC,2903,Flange,2903002,Blind Flange,2903002002,Standard,B
"Cover, C PVC",29,C PVC,2903,Flange,2903003,Cover,2903003001,Standard,B
"Ball Valve, Union Ball Socket, C PVC",29,C PVC,2904,Valve,2904001,Ball Valve,2904001007,Union Ball Socket,B
"Ball Valve, Ball Check, C PVC",29,C PVC,2904,Valve,2904001,Ball Valve,2904001008,Ball Check,B
"Solvent Cement (Adhesive), C PVC",29,C PVC,2905,Solvent Cement (Adhesive),2905001,Solvent Cement (Adhesive),2905001001,Solvent Cement (Adhesive),B
C PVC,29,C PVC,2906,Other,2906003,Other,2906003001,Standard,B
"Hex (Machine) Bolt, Steel",30,Bolts / Nuts / Washers,3001,Steel,3001001,Hex (Machine) Bolt,3001001001,Steel,C
"Hex (Machine) Bolt, Galvanized Hex Bolt / Nut / 2-Washer Set (Machine Bolt), Steel",30,Bolts / Nuts / Washers,3001,Steel,3001001,Hex (Machine) Bolt,3001001002,Galvanized Hex Bolt / Nut / 2-Washer Set (Machine Bolt),C
"Hex (Machine) Bolt, H.V Hex A193 B7, Steel",30,Bolts / Nuts / Washers,3001,Steel,3001001,Hex (Machine) Bolt,3001001003,H.V Hex A193 B7,C
"Stud Bolt, A193 B7, Steel",30,Bolts / Nuts / Washers,3001,Steel,3001002,Stud Bolt,3001002002,A193 B7,C
"Nut, A194 GR 2H, Steel",30,Bolts / Nuts / Washers,3001,Steel,3001003,Nut,3001003005,A194 GR 2H,C
"Galvanized Hex Nut, Steel",30,Bolts / Nuts / Washers,3001,Steel,3001003,Nut,3001003006,Galvanized Hex Nut,C
"Steel Hex Nut (Plain, Uncoated)",30,Bolts / Nuts / Washers,3001,Steel,3001003,Nut,3001003007,"Steel Hex Nut (Plain, Uncoated)",C
"Rod Coupling Nut (Plain), Steel",30,Bolts / Nuts / Washers,3001,Steel,3001003,Nut,3001003008,Rod Coupling Nut (Plain),C
"SS400 Lock Nut, Steel",30,Bolts / Nuts / Washers,3001,Steel,3001003,Nut,3001003013,SS400 Lock Nut,C
"Nut, Steel",30,Bolts / Nuts / Washers,3001,Steel,3001003,Nut,3001003015,Other,C
"U-Bolt, Galvanized, Steel",30,Bolts / Nuts / Washers,3001,Steel,3001004,U-Bolt,3001004002,Galvanized,C
"U-Bolt, Insulating (Flange Isolation Kit), Steel",30,Bolts / Nuts / Washers,3001,Steel,3001004,U-Bolt,3001004003,Insulating (Flange Isolation Kit),C
"Flat Washer (Galvanized), Steel",30,Bolts / Nuts / Washers,3001,Steel,3001005,Washer,3001005001,Flat Washer (Galvanized),C
"Flat Washer (Plain), Steel",30,Bolts / Nuts / Washers,3001,Steel,3001005,Washer,3001005002,Flat Washer (Plain),C
"Split Lock Washer (Galvanized), Steel",30,Bolts / Nuts / Washers,3001,Steel,3001005,Washer,3001005003,Split Lock Washer (Galvanized),C
"Split Lock Washer (Standard), Steel",30,Bolts / Nuts / Washers,3001,Steel,3001005,Washer,3001005004,Split Lock Washer (Standard),C
"Hardened Flat Washer, Steel",30,Bolts / Nuts / Washers,3001,Steel,3001005,Washer,3001005006,Hardened Flat Washer,C
"Square Washer, Steel",30,Bolts / Nuts / Washers,3001,Steel,3001005,Washer,3001005008,Square Washer,C
"Threaded Rod (All-Thread), Galvanized, Steel",30,Bolts / Nuts / Washers,3001,Steel,3001006,Threaded Rod (All-Thread),3001006001,Galvanized,C
"Threaded Rod (All-Thread), Steel",30,Bolts / Nuts / Washers,3001,Steel,3001006,Threaded Rod (All-Thread),3001006003,Steel,C
"Anchor Bolt, Drop-In Anchor, Steel",30,Bolts / Nuts / Washers,3001,Steel,3001009,Anchor Bolt,3001009001,Drop-In Anchor,C
"Anchor Bolt, Adhesive Anchor, Steel",30,Bolts / Nuts / Washers,3001,Steel,3001009,Anchor Bolt,3001009002,Adhesive Anchor,C
"Anchor Bolt, Stud Anchor, Steel",30,Bolts / Nuts / Washers,3001,Steel,3001009,Anchor Bolt,3001009005,Stud Anchor,C
"Anchor Bolt, Wedge Anchor, Steel",30,Bolts / Nuts / Washers,3001,Steel,3001009,Anchor Bolt,3001009009,Wedge Anchor,C
"Anchor Bolt, Hilti-Type Anchor Rod, Steel",30,Bolts / Nuts / Washers,3001,Steel,3001009,Anchor Bolt,3001009010,Hilti-Type Anchor Rod,C
"Insulating (Flange Isolation Kit), Steel",30,Bolts / Nuts / Washers,3001,Steel,3001013,Insulating (Flange Isolation Kit),3001013001,Standard,C
"Socket Head Cap Screw, Hex Socket Drive, Steel",30,Bolts / Nuts / Washers,3001,Steel,3001015,Socket Head Cap Screw,3001015001,Hex Socket Drive,C
"I-Bolt, T-Bolt, Galvanized, Steel",30,Bolts / Nuts / Washers,3001,Steel,3001016,"I-Bolt, T-Bolt",3001016001,Galvanized,C
"Teflon Coating, Hex (Machine) Bolt, Steel",30,Bolts / Nuts / Washers,3001,Steel,3001018,Teflon Coating,3001018001,Hex (Machine) Bolt,C
"Teflon Coating, Stud Bolt, Steel",30,Bolts / Nuts / Washers,3001,Steel,3001018,Teflon Coating,3001018002,Stud Bolt,C
"Hex (Machine) Bolt, Stainless Steel (SUS)",30,Bolts / Nuts / Washers,3002,Stainless Steel (SUS),3002001,Hex (Machine) Bolt,3002001001,Standard,C
"Hex (Machine) Bolt, H.V Hex Bolt / SUS (8A), Stainless Steel (SUS)",30,Bolts / Nuts / Washers,3002,Stainless Steel (SUS),3002001,Hex (Machine) Bolt,3002001003,H.V Hex Bolt / SUS (8A),C
"Stud Bolt, A193 B8, Stainless Steel (SUS)",30,Bolts / Nuts / Washers,3002,Stainless Steel (SUS),3002002,Stud Bolt,3002002002,A193 B8,C
"Stud Bolt, SUS 304/316, Stainless Steel (SUS)",30,Bolts / Nuts / Washers,3002,Stainless Steel (SUS),3002002,Stud Bolt,3002002004,SUS 304/316,C
"Threaded Rod (All-Thread), SUS304, Stainless Steel (SUS)",30,Bolts / Nuts / Washers,3002,Stainless Steel (SUS),3002003,Threaded Rod (All-Thread),3002003001,SUS304,C
"Nut, A194 GR 8, Stainless Steel (SUS)",30,Bolts / Nuts / Washers,3002,Stainless Steel (SUS),3002004,Nut,3002004005,A194 GR 8,C
"304 SS Hex Nut, Stainless Steel (SUS)",30,Bolts / Nuts / Washers,3002,Stainless Steel (SUS),3002004,Nut,3002004006,304 SS Hex Nut,C
"Threaded Rod Coupling Nut, SS304, Stainless Steel (SUS)",30,Bolts / Nuts / Washers,3002,Stainless Steel (SUS),3002004,Nut,3002004007,"Threaded Rod Coupling Nut, SS304",C
"Heavy Nut, Stainless Steel (SUS)",30,Bolts / Nuts / Washers,3002,Stainless Steel (SUS),3002004,Nut,3002004011,Heavy Nut,C
"U-Bolt, Stainless Steel (SUS)",30,Bolts / Nuts / Washers,3002,Stainless Steel (SUS),3002005,U-Bolt,3002005001,Stainless Steel,C
"Flat Washer, Stainless Steel (SUS)",30,Bolts / Nuts / Washers,3002,Stainless Steel (SUS),3002006,Washer,3002006001,Flat Washer,C
"Split Lock Washer, Stainless Steel (SUS)",30,Bolts / Nuts / Washers,3002,Stainless Steel (SUS),3002006,Washer,3002006002,Split Lock Washer,C
"Anchor Bolt, Stud Anchor, Stainless Steel (SUS)",30,Bolts / Nuts / Washers,3002,Stainless Steel (SUS),3002008,Anchor Bolt,3002008004,Stud Anchor,C
"Anchor Bolt, Wedge Anchor (Stainless), Stainless Steel (SUS)",30,Bolts / Nuts / Washers,3002,Stainless Steel (SUS),3002008,Anchor Bolt,3002008005,Wedge Anchor (Stainless),C
"PVC, Hex Bolt",30,Bolts / Nuts / Washers,3004,PVC,3004001,PVC,3004001001,Hex Bolt,C
Hastelloy C-276 Bolt / Nut,30,Bolts / Nuts / Washers,3005,Hastelloy,3005001,Hastelloy C-276 Bolt / Nut,3005001001,Hastelloy C-276 Bolt / Nut,C
"Hastelloy C-276 Bolt / Nut, Hexagon Bolt",30,Bolts / Nuts / Washers,3005,Hastelloy,3005001,Hastelloy C-276 Bolt / Nut,3005001002,Hexagon Bolt,C
"Hastelloy C-276 Bolt / Nut, Stud Bolt",30,Bolts / Nuts / Washers,3005,Hastelloy,3005001,Hastelloy C-276 Bolt / Nut,3005001003,Stud Bolt,C
Bolts,30,Bolts / Nuts / Washers,3008,Other,3008001,Bolts,3008001001,Bolts,C
Anchors,30,Bolts / Nuts / Washers,3008,Other,3008002,Anchors,3008002001,Anchors,C
Wire,32,Electrical Materials,3201,Wire & Cable,3201001,Wire,3201001001,Wire,F
"Signal Cable, Wire & Cable",32,Electrical Materials,3201,Wire & Cable,3201004,Signal Cable,3201004001,Standard,F
"Wire & Cable Accessories, Wiring Accessories, Conduit & Raceway",32,Electrical Materials,3202,"Wiring Accessories, Conduit & Raceway",3202002,Wire & Cable Accessories,3202002001,Wire & Cable Accessories,F
"Earth Leakage Circuit Breaker (ELCB), Power Distribution Equipment",32,Electrical Materials,3203,Power Distribution Equipment,3203001,Earth Leakage Circuit Breaker (ELCB),3203001001,Earth Leakage Circuit Breaker (ELCB),F
"Distribution Panelboard, MCC Panel, Power Distribution Equipment",32,Electrical Materials,3203,Power Distribution Equipment,3203003,Distribution Panelboard,3203003002,MCC Panel,F
"Circuit Protector (MCCB), Power Distribution Equipment",32,Electrical Materials,3203,Power Distribution Equipment,3203004,Circuit Protector (MCCB),3203004001,Circuit Protector (MCCB),F
"Portable Cord, Poles & Overhead Line Materials",32,Electrical Materials,3205,Poles & Overhead Line Materials,3205001,Portable Cord,3205001001,Portable Cord,F
"Solenoid Valve, SMC",32,Electrical Materials,3207,Other,3207001,Solenoid Valve,3207001001,SMC,F
Electrical Materials,32,Electrical Materials,3207,Other,3207005,Other,3207005001,Other,F
PLC,32,Electrical Materials,3208,PLC,3208001,PLC,3208001001,PLC,F
HMI,32,Electrical Materials,3209,HMI,3209001,HMI,3209001001,HMI,F
"Welding Equipment, Fusion Welding Machine, Installation Equipment",40,Capital Equipment,4001,Installation Equipment,4001001,Welding Equipment,4001001006,Fusion Welding Machine,F
"Welding Equipment, Socket Fusion Welder, Installation Equipment",40,Capital Equipment,4001,Installation Equipment,4001001,Welding Equipment,4001001033,Socket Fusion Welder,F
"Tool, Tube Facing Machine, Installation Equipment",40,Capital Equipment,4001,Installation Equipment,4001003,Tool,4001001018,Tube Facing Machine,F
"Tool, Tube Facing Machine Accessories, Installation Equipment",40,Capital Equipment,4001,Installation Equipment,4001003,Tool,4001001020,Tube Facing Machine Accessories,F
"Tool, Jig, Installation Equipment",40,Capital Equipment,4001,Installation Equipment,4001003,Tool,4001003027,Jig,F
"Measuring Instruments, Digital Caliper, Quality Inspection Equipment",40,Capital Equipment,4004,Quality Inspection Equipment,4001005,Measuring Instruments,4001005027,Digital Caliper,F
"Pipe, 6063-T5 Aluminum",45,Aluminum,4501,Pipe,4501001,Aluminum,4501001002,6063-T5 Aluminum,A
Aluminum,45,Aluminum,4502,Other,4502001,Standard,4502001001,Standard,A
Heat Exchanger,68,Machinery & Equipment,6803,Heat Exchanger,6803001,Standard,6803001001,Standard,F
Machine Parts,68,Machinery & Equipment,6804,Other,6804002,Other,6804002002,Machine Parts,F
"Tank, SUS 304",69,Tank,6901,SUS 304 Tank,6901001,Standard,6901001001,Standard,F
"Tank, SUS 304, Teflon Coated",69,Tank,6901,SUS 304 Tank,6901002,Teflon Coating,6901002001,Standard,F
"Tank, Steel",69,Tank,6903,Steel Tank,6903004,Standard,6903004001,Standard,F
"Main Piping Installation, Main Construction Work",71,Field Construction - Plant Division,7101,Main Construction Work,7101007,Piping Installation,7101007002,Main Piping Installation,G
"Demolition / Removal, Piping Removal, Demolition Work",71,Field Construction - Plant Division,7105,Demolition Work,7105008,Demolition / Removal,7105008001,Piping Removal,G
Personal Protective Equipment (PPE),80,Safety Supplies,8001,Personal Protective Equipment (PPE),8001001,Personal Protective Equipment (PPE),8001001004,Personal Protective Equipment (PPE),D
"Personal Protective Equipment (PPE), Respirator / Face Mask",80,Safety Supplies,8001,Personal Protective Equipment (PPE),8001001,Personal Protective Equipment (PPE),8001001006,Respirator / Face Mask,D
Safety Supplies,80,Safety Supplies,8002,Safety Supplies,8002001,Common,8002001001,Standard,D
"Scaffold Plank, Work Platform Plank",89,Temporary Works Materials,8903,Scaffold Plank,8903001,Scaffold Plank,8903001001,Work Platform Plank,D
"Grout, Non-Shrink, Cement",90,Building & Civil Works Materials,9004,Cement,9004002,Grout,9004002001,Non-Shrink,D
Clean Agent Fire Extinguisher,95,Miscellaneous Construction Materials,1501,Fire Extinguisher,1501005,Clean Agent Fire Extinguisher,1501005001,Clean Agent Fire Extinguisher,D
Braided Reinforced Hose,95,Miscellaneous Construction Materials,2404,Rope & Hose,2404002,Hose,2404002002,Braided Reinforced Hose,D
Duct Hose,95,Miscellaneous Construction Materials,2404,Rope & Hose,2404002,Hose,2404002006,Duct Hose,D
Air Hose,95,Miscellaneous Construction Materials,2404,Rope & Hose,2404002,Hose,2404002012,Air Hose,D
High-Pressure Hose,95,Miscellaneous Construction Materials,2404,Rope & Hose,2404002,Hose,2404002014,High-Pressure Hose,D
Hose,95,Miscellaneous Construction Materials,2404,Rope & Hose,2404002,Hose,2404002017,Other,D
"Steel Wire & Tie Wire, Stainless Steel Wire",95,Miscellaneous Construction Materials,2404,Rope & Hose,2404003,Steel Wire & Tie Wire,2404003002,Stainless Steel Wire,D
Equipment Rental Charges,95,Miscellaneous Construction Materials,2405,Equipment Rental Charges,2405007,Other,2405007001,Standard,D
"Hand Tools, Wrenches",95,Miscellaneous Construction Materials,9501,Tools,9501001,Hand Tools,9501001001,Wrenches,D
"Hand Tools, Spanner Wrenches",95,Miscellaneous Construction Materials,9501,Tools,9501001,Hand Tools,9501001002,Spanner Wrenches,D
"Hand Tools, Nippers & Pliers",95,Miscellaneous Construction Materials,9501,Tools,9501001,Hand Tools,9501001005,Nippers & Pliers,D
"Hand Tools, Adjustable Wrench",95,Miscellaneous Construction Materials,9501,Tools,9501001,Hand Tools,9501001006,Adjustable Wrench,D
"Hand Tools, Tool Box",95,Miscellaneous Construction Materials,9501,Tools,9501001,Hand Tools,9501001015,Tool Box,D
"Hand Tools, Hammer",95,Miscellaneous Construction Materials,9501,Tools,9501001,Hand Tools,9501001016,Hammer,D
"Power Tools, Cordless Drill",95,Miscellaneous Construction Materials,9501,Tools,9501002,Power Tools,9501002001,Cordless Drill,D
Power Tools,95,Miscellaneous Construction Materials,9501,Tools,9501002,Power Tools,9501002010,Other,D
"Cutting Tools, Cut-Off Wheel",95,Miscellaneous Construction Materials,9501,Tools,9501004,Cutting Tools,9501004002,Cut-Off Wheel,D
"Cutting Tools, Cutting Blades & Wheels",95,Miscellaneous Construction Materials,9501,Tools,9501004,Cutting Tools,9501004009,Cutting Blades & Wheels,D
"Pipefitting Tools, Pipe / Tube Cutter",95,Miscellaneous Construction Materials,9501,Tools,9501007,Pipefitting Tools,9501007002,Pipe / Tube Cutter,D
"Pipefitting Tools, Tube Bender",95,Miscellaneous Construction Materials,9501,Tools,9501007,Pipefitting Tools,9501007005,Tube Bender,D
Measuring Tools,95,Miscellaneous Construction Materials,9501,Tools,9501010,Measuring Tools,9501010001,Standard,D
"Carbide Cutting Tools, End Mill",95,Miscellaneous Construction Materials,9501,Tools,9501014,Carbide Cutting Tools,9501014003,End Mill,D
Tools,95,Miscellaneous Construction Materials,9501,Tools,9501017,Other,9501017001,Other,D
"PFA / PP Welding Rod, Welding Supplies",95,Miscellaneous Construction Materials,9503,Welding Supplies,9503001,Welding Rod,9503001013,PFA / PP Welding Rod,D
"Welding Rod, Welding Supplies",95,Miscellaneous Construction Materials,9503,Welding Supplies,9503001,Welding Rod,9503001016,Other,D
"Tungsten Electrode, Welding Supplies",95,Miscellaneous Construction Materials,9503,Welding Supplies,9503003,Tungsten Electrode,9503003001,Tungsten Electrode,D
"Welding Torch Parts, Welding Torch Nozzle, Welding Supplies",95,Miscellaneous Construction Materials,9503,Welding Supplies,9503004,Welding Torch Parts,9503004001,Welding Torch Nozzle,D
"Welding Torch Parts, Electrode Holders, Leads & Ground Clamps, Welding Supplies",95,Miscellaneous Construction Materials,9503,Welding Supplies,9503004,Welding Torch Parts,9503004002,"Electrode Holders, Leads & Ground Clamps",D
"Welding Torch Parts, Collet, Welding Supplies",95,Miscellaneous Construction Materials,9503,Welding Supplies,9503004,Welding Torch Parts,9503004006,Collet,D
"Welding Torch Parts, Inspection Mirror & Welding Filter Lens, Welding Supplies",95,Miscellaneous Construction Materials,9503,Welding Supplies,9503004,Welding Torch Parts,9503004007,Inspection Mirror & Welding Filter Lens,D
"Welding Torch Parts, Wire Brush, Welding Supplies",95,Miscellaneous Construction Materials,9503,Welding Supplies,9503004,Welding Torch Parts,9503004008,Wire Brush,D
"Welding Torch Parts, Torch Caps, Switches & Connectors, Welding Supplies",95,Miscellaneous Construction Materials,9503,Welding Supplies,9503004,Welding Torch Parts,9503004009,"Torch Caps, Switches & Connectors",D
"Welding Torch Parts, Welding Torch Head, Welding Supplies",95,Miscellaneous Construction Materials,9503,Welding Supplies,9503004,Welding Torch Parts,9503004010,Welding Torch Head,D
"Welding Torch Parts, Tungsten Electrode Grinder, Welding Supplies",95,Miscellaneous Construction Materials,9503,Welding Supplies,9503004,Welding Torch Parts,9503004012,Tungsten Electrode Grinder,D
"Welding Torch Parts, Welding Torch Gas Hose, Welding Supplies",95,Miscellaneous Construction Materials,9503,Welding Supplies,9503004,Welding Torch Parts,9503004014,Welding Torch Gas Hose,D
"Welder PPE, Protective Clothing & Personal Gear, Welding Supplies",95,Miscellaneous Construction Materials,9503,Welding Supplies,9503013,Welder PPE,9503013001,Protective Clothing & Personal Gear,D
"Cleanroom Supplies, Cleanroom Wiper, Cleanroom & Acid-Resistant Supplies",95,Miscellaneous Construction Materials,9504,Cleanroom & Acid-Resistant Supplies,9504008,Cleanroom Supplies,9504008002,Cleanroom Wiper,D
"Other Supplies, Cleanroom & Acid-Resistant Supplies",95,Miscellaneous Construction Materials,9504,Cleanroom & Acid-Resistant Supplies,9504010,Other Supplies,9504010001,Other,D
"Stickers & Nameplates, Sticker (Label), Stickers & Printed Labels",95,Miscellaneous Construction Materials,9510,Stickers & Printed Labels,9510001,Stickers & Nameplates,9510001001,Sticker (Label),D
"Stickers & Nameplates, Nameplates & Printing, Stickers & Printed Labels",95,Miscellaneous Construction Materials,9510,Stickers & Printed Labels,9510001,Stickers & Nameplates,9510001002,Nameplates & Printing,D
"Tag, Stickers & Printed Labels",95,Miscellaneous Construction Materials,9510,Stickers & Printed Labels,9510002,Tag,9510002001,Tag,D
"Stickers & Printed Labels, Label Stock & Cartridges",95,Miscellaneous Construction Materials,9510,Stickers & Printed Labels,9510003,Label,9510003001,Label Stock & Cartridges,D
3M Tape,95,Miscellaneous Construction Materials,9512,Tapes,9512001,Tape,9512001001,3M Tape,D
PTFE Thread Seal Tape,95,Miscellaneous Construction Materials,9512,Tapes,9512001,Tape,9512001003,PTFE Thread Seal Tape,D
Office & General Purpose Tape,95,Miscellaneous Construction Materials,9512,Tapes,9512001,Tape,9512001004,Office & General Purpose Tape,D
Heat-Shrink Tape / Sleeve,95,Miscellaneous Construction Materials,9512,Tapes,9512001,Tape,9512001005,Heat-Shrink Tape / Sleeve,D
Other Consumables,95,Miscellaneous Construction Materials,9591,Other Consumables & Fabricated Materials,9591001,Other Consumables,9591001001,Other Consumables,D
"Other Consumables, Paint, Lacquer & Red Lead Primer",95,Miscellaneous Construction Materials,9591,Other Consumables & Fabricated Materials,9591001,Other Consumables,9591001002,"Paint, Lacquer & Red Lead Primer",D
"Other Consumables, Adhesives, Sealants & Urethane Foam",95,Miscellaneous Construction Materials,9591,Other Consumables & Fabricated Materials,9591001,Other Consumables,9591001003,"Adhesives, Sealants & Urethane Foam",D
"Other Consumables, Chemicals & Lubricants",95,Miscellaneous Construction Materials,9591,Other Consumables & Fabricated Materials,9591001,Other Consumables,9591001004,Chemicals & Lubricants,D
"Relays & Terminals, Terminal Lug, Miscellaneous Electrical Materials",95,Miscellaneous Construction Materials,9593,Miscellaneous Electrical Materials,9593002,Relays & Terminals,9593002003,Terminal Lug,D
"Master Key Lock, Master Key Padlock, Other, Locks & Lockout Devices",95,Miscellaneous Construction Materials,9594,Locks & Lockout Devices,9594003,Master Key Lock,9594003001,"Master Key Padlock, Other",D
"Fabricated Items / Fabrication Cost, Outsourced Fabrication",95,Miscellaneous Construction Materials,9595,Outsourced Fabrication,9595001,Fabricated Items / Fabrication Cost,9595001001,Standard,D
"Fabricated Items / Fabrication Cost, Machining / Fabrication, Outsourced Fabrication",95,Miscellaneous Construction Materials,9595,Outsourced Fabrication,9595001,Fabricated Items / Fabrication Cost,9595001002,Machining / Fabrication,D
Chemicals,96,Chemicals,9603,Chemicals,9603001,Chemicals,9603001001,Chemicals,D
"Piping (Subcontracted), Piping Installation Labor",97,Resource Category (Subcontract),9701,Piping Installation Labor,9701009,Piping (Subcontracted),9701009001,Piping,G
Equipment Installation Work,97,Resource Category (Subcontract),9712,Equipment Installation Work,9712001,Equipment Installation Work,9712001001,Equipment Installation Work,G
"Tank Fabrication & Installation, Custom Fabrication & Delivery",97,Resource Category (Subcontract),9760,Custom Fabrication & Delivery,9760002,Tank Fabrication & Installation,9760002001,Tank Fabrication & Installation,G
"Bid Summary Sheet, Safety Management Cost, Subcontract Common Indirects",97,Resource Category (Subcontract),9797,Subcontract Common Indirects,9797001,Bid Summary Sheet,9797001005,Safety Management Cost,G
